	Ref	Google Before	Google After	TER
0	영국 왕실 뉴스: 베아트리스 공주, ‘적대적인 왕실 구성원들에게 이렇게 분노 표출해’	"왕실 뉴스: 베아트리체 공주가 어떻게 ""적대적인 가족 구성원들에게 분노에 반응했는지"""	Royal News : 공주님이 적대 가족 구성원들에게 분노와 반응 한 공주	0.9091
1	목요일 영국 요크공 부부는 장녀 베아트리스 공주가 부동산 재벌 남자 친구인 에도아르도 마펠리 모치(34)와 약혼했다고 발표했다.	목요일, The Duke and Duchess of York은 큰 딸 베아트리체 공주가 남자친구인 34세의 부동산 재벌 Edoardo Mapelli Mozzi와 약혼했다고 발표했습니다.	목요일에, 듀크와 요크와 공주님의 공주님이 그녀의 남자 친구와 34 세의 부동산 Tycoon Edoardo Mapelli Mozzi에 종사하고 있다고 발표했습니다.	0.9444
2	왕위 계승 서열 9위인 베아트리스 공주는 마펠리 모치와 내년에 결혼할 예정이다.	왕위 계승 서열 9위인 공주는 내년에 마펠리 모찌 씨와 결혼식을 올린다.	보좌에 9 번째 인 공주님은 내년 Mapelli Mozzi Mr Mr Mapelli Mozzi와 매듭을 묶을 것입니다.	1.0
3	이 둘은 “인생 여정을 함께 시작하게 되어 우리는 둘다 매우 들떠있다.”라고 성명서에서 밝혔다.	"두 사람은 성명을 통해 ""우리 둘 다 이 인생의 모험을 함께 시작하게 되어 매우 흥분된다."	"부부는 진술에서 말했습니다. ""우리는이 생활 모험을 함께 착수하게되어 너무 기쁩니다."	1.3
4	“우리는 관심사와 가치관이 매우 비슷하고, 이 부분이 우리의 미래를 사랑과 행복으로 메우는 매우 중요한 역할을 할 거라고 생각한다.”	"""우리는 비슷한 관심사와 가치를 공유하고 있으며 이것이 앞으로 몇 년 동안 사랑과 행복으로 가득 찬 우리를 대신할 큰 힘이 될 것임을 압니다."""	"""우리는 너무 많은 비슷한 관심사와 가치를 공유하고, 우리는 이것이 사랑과 행복으로 가득차있는 수년 동안 큰 대신에 우리를 견뎌 낼 것임을 알고 있습니다."""	0.7273
5	베아트리스 공주의 부모인 앤드류 공작과 사라 퍼거슨 부인도 이 기쁨을 함께했다.	베아트리체 공주의 부모인 앤드류 왕자와 사라 퍼거슨도 기쁨을 나눴다.	Princess Beatrice의 부모님, Andrew 왕자와 사라 퍼거슨 (Sarah Ferguson)도 흥분을 공유했습니다.	0.8182
6	요크공 부인은 트위터에 이런 글을 남겼다. “나도 엄마의 마음으로 기쁨의 눈물을 흘린다.	"요크 공작부인은 자신의 트위터에 ""어머니의 마음을 알기에 기쁨의 눈물이 난다."	"요크의 공작은 트위터에 썼습니다 : ""나는 어머니가 어떤 느낌이 느끼는지 알고 있습니다."	1.0
7	세상이 놀랄 이 소식이 나는 매우 자랑스럽다.”	이 센세이셔널한 소식이 너무 자랑스럽습니다.	나는이 감각적 인 뉴스를 자랑스럽게 생각합니다.	1.0
8	“앤드류와 나는 훌륭한 사위를 둘이나 얻은 복 받은 사람이다.”	"""앤드류와 나는 두 명의 훌륭한 사위를 갖게 된 가장 운이 좋은 사람들입니다."""	"""Andrew와 나는 법에 두 명의 큰 아들을 갖는 것이 가장 좋은 사람들입니다."""	0.5833
9	이번 결혼식은 왕가 전체가 모이는 행사가 될 것이고, 이를 통해 퍼거슨 공작 부인과 앤드류 에든버러 공작의 관계가 완전히 회복되길 기대하고 있다.	왕실 결혼식은 왕실 전체가 한자리에 모이는 또 다른 기회가 될 것이며 에든버러 공작과 퍼기와의 관계를 완전히 회복할 수 있기를 바랍니다.	왕실 결혼식은 전체 왕족이 모화를 위해 또 다른 행사가 될 것이며, 에딘버러의 공작과 퍼지의 관계를 완전히 수리하기를 바랍니다.	0.6111
10	사라 부인이 왕가의 사상 최대 스캔들에 휘말리면서 왕실 구성원들과의 관계가 급격히 나빠졌다.	사라는 왕실 역사상 가장 큰 스캔들 중 하나에 휘말린 이후로 나머지 멤버들과의 관계는 극도로 어려워졌습니다.	Sarah는 왕실 가족의 가장 큰 스캔들 중 한 명으로 휩쓸었기 때문에 나머지 회원들과의 관계는 매우 어렵습니다.	0.5625
11	1992년 사라 부인이 앤드류 공작과 별거 중이라고 발표하고 5개월 뒤에 자신의 프랑스 셍뜨호뻬의 별장에서 그녀의 ‘재정 고문’과 함께 있는 은밀한 사진이 찍혔다.	"그녀가 1992년 앤드류 왕자와 별거한다고 발표한 지 5개월 후, 그녀의 ""재정 고문""과 그녀의 타협하는 사진이 생트로페에 있는 그녀의 별장에서 찍혔습니다."	"1992 년 프린스 앤드류 (Andrew) 왕자와 분리 한 지 5 개월 후, 그녀의 ""금융 고문""과 함께 그녀의 사진을 타협하는 것은 St Tropez의 휴가 빌라에서 촬영되었습니다."	0.68
12	이 사진에는 텍사스 출신의 백만장자인 존 브라이언이 공작 부인의 발가락과 발바닥을 빨고 키스하는 모습이 담겼고, 특히 필립 공이 며느리의 망측한 스캔들에 가장 격하게 반응했다고 전해진다.	스냅사진은 텍사스의 백만장자 존 브라이언이 공작 부인의 발가락과 발바닥에 키스하고 빠는 모습을 보여주었으며, 특히 필립 왕자는 며느리의 추문에 대해 가장 강한 반응을 보였다고 합니다.	스핀들은 텍사스 백만장 자의 John Bryan 키스를하고 공작의 발가락과 그녀의 발의 아치를 빨아 먹는 것처럼 보였고, 특히 Philip 왕자는 며느리의 스코틀랜드의 Antic에게 가장 강한 반응을 보였다고합니다.	0.7692
13	그러나 사라 부인은 시아버지인 필립 공의 이러한 반응에 ‘충격을 받은 것’으로 전해지며, 베아트리스 공주는 자신의 엄마가 “환영 받지 못한다는 느낌을 주려는 그들의 악의적 행동”의 피해자라고 주장한 적도 있다.	"그러나 그의 행동은 요크 공작 부인에 대한 ""끔찍한"" 행동이었고, 베아트리체 공주는 한때 그녀의 어머니가 ""그녀를 환영받지 못한다고 느끼게 만드는 비열한 행동""의 희생자라고 주장했습니다."	"그러나 그의 행동은 뉴욕의 공작점에 대한 ""소름 끼치는""것으로 보도되었으며, 한때 그녀의 어머니가 ""그녀의 편안함을 느끼게하기위한 정당한 조치""라는 희생자라고 주장했다."	0.7895
14	속보: 케이트와 윌리엄 부부의 이면. 부부의 충격적인 습관이 노출됐다.	JUST IN: 닫힌 문 뒤에 있는 Kate와 William: 부부의 충격 습관이 드러났습니다.	방금 : 케이트와 윌리엄 뒤에 닫힌 문 : 커플의 충격 습관이 노출되었습니다.	0.75
15	이러한 주장에 대해 사라 부인의 대변인이 답변하지 못했다고 뉴스는 보도했지만, 사라 부인의 한 친구의 말을 다음과 같이 인용했다. “사라의 딸들은 왕실의 몇몇 구성원들이 자신의 엄마를 대하는 태도에 질릴 만큼 질렸고 이건 공공연한 사실이다.”	"보고서에 따르면 공작 부인 대변인은 이러한 주장에 대해 논평할 수 없었지만 퍼기의 친구는 ""사라의 딸들이 일부 회원들이 어머니를 대하는 방식에 상당히 지쳐 있다는 것은 비밀이 아니다. 왕실 가족."	"이 보고서는 공작원의 대변인이 주장에 대해 논평 할 수 없었지만 퍼거의 친구는 ""Sarah의 딸들이 자신의 어머니가 어떤 회원들에 의해 치료를받는 방식으로 꽤 섭취하는 것은 비밀이 아닙니다. 왕실 가족. """	0.7241
16	“사라가 받은 청구서 중에는 꽤 궁색한 것도 있었다.”	"""그녀가 보낸 청구서 중 일부는 꽤 비참했습니다."	"""그녀가 보낸 청구서 중 일부는 꽤 비참했습니다."""	0.1429
17	“사라의 딸들은 일이 이렇게까지 되도록 내버려 둔 아버지 앤드류 공을 계속 원망하고 있고, 특히 베아트리스 공주는 엄마가 아웃사이더 취급을 받지 말아야 한다고 아버지한테 간절히 부탁해왔다.”	"""그들은 그런 일이 일어나도록 방치한 아버지를 끊임없이 꾸짖고 있으며 특히 베아트리체는 앤드류 왕자에게 어머니가 버림받은 사람으로 취급되지 않도록 해달라고 간청하고 있습니다."""	"""그들은 끊임없이 일어날 수 있도록 그들의 아버지를 훔쳐서 특히 아 앤드류의 왕자 앤드류를 나머지로 취급하지 않음을 알게되었습니다."""	1.0588
18	필립 공과 사라 부인이 함께 사진에 찍힌 것은 지난해 10월 유제니 공주와 잭 브룩스뱅크의 결혼식 이후로 26년 만에 처음이었다.	필립과 사라는 지난 10월 잭 브룩스뱅크와 유제니 공주의 결혼식에서 26년 만에 처음으로 함께 사진을 찍었다.	필립과 사라는 지난 10 월 잭 브룩스 뱅크 공주님의 결혼식에서 26 년 동안 처음으로 묘사되었습니다.	0.7333
19	애완견 관리법, 정부 심의회에서 검토할 예정	정부 협의에서 검토할 애견 관리법	정부 상담에서 검토 할 개 통제법	0.8333
20	통제 불능의 동물이나 무책임한 소유주에 대한 우려로 스코틀랜드의 애완견 관리법이 검토 중에 있다.	스코틀랜드의 개 통제법은 통제 불능의 동물과 무책임한 주인에 대한 우려 속에서 검토되고 있습니다.	스코틀랜드의 개 통제법은 통제적인 동물과 무책임한 소유자에 대한 우려가 아플 수 있습니다.	0.5
21	스코틀랜드 정부는 여론 수렴을 위해 심의회를 열었다.	스코틀랜드 정부는 대중의 의견을 구하는 협의를 시작했습니다.	협의는 스코틀랜드 정부가 대중의 견해를 추구하는 것에 의해 시작되었습니다.	0.7778
22	스코틀랜드의 지역사회안전부 장관은 “무책임한 애완견 소유자로부터 지역사회를 안전하게 보호하겠다”고 약속하며, 통제 불능의 개와 관련된 법안을 수정할지 여부를 결정하기 위해 법안을 검토하고 있다.	"스코틀랜드의 지역 사회 안전 장관은 통제 불능의 개에 대한 법률 변경이 필요한지 여부를 결정하기 위한 검토와 함께 ""무책임한 주인으로부터 지역 사회를 안전하게 보호""하겠다고 약속했습니다."	"스코틀랜드의 공동체 안전 장관은 통제 개선 개가 변화가 필요한 법률 여부를 결정하기 위해 리뷰와 함께 ""무책임한 소유자로부터 안전하게 지키고"""	0.7895
23	"애쉬 댄햄 스코틀랜드 의회의원은 다음과 같이 말했다. ""우리는 애완견 관리법의 두 가지 사안에 대해 검토하는 중이다. 왜냐하면 우리가 무책임한 애완견 소유자와 그들의 통제 불가능한 개로부터 지역사회를 안전하게 보호하기로 굳게 결심했기 때문이다.”"	"Ash Denham MSP는 다음과 같이 말했습니다: ""우리는 무책임한 주인과 통제 불능의 개로부터 지역 사회를 안전하게 보호하는 데 절대적으로 도움이 되기 때문에 개 통제 법안에 대한 두 가지 검토를 진행하고 있습니다."	"애쉬 데햄 MSP는 ""우리는 무책임한 소유자와 통제 개가 외부 개로 지역 사회를 안전하게 지키는 데 절대적으로 결정되기 때문에 강아지 통제법에 2 개의 리뷰를 개최하고 있습니다."	0.8
24	“이번 심의회는 스코틀랜드에서 2010 애완견 관리법의 적용 방법을 개선하기 위한 견해를 모색하고 있고, 내년에는 변화가 필요한지 여부를 평가하기 위해 모든 애완견 관리에 관한 법률을 좀더 거시적으로 살펴볼 예정이다.”	"""이 협의는 2010년 개 통제법이 스코틀랜드 전역에서 어떻게 운영될 수 있는지에 대한 개선 사항에 대한 견해를 구하고 있으며, 내년에는 모든 개 통제법을 검토하여 변경이 필요한지 여부를 평가할 것입니다."	"""이 상담은 스코틀랜드에서 개법 (Dogs Act 2010)의 통제가 어떻게 작동 할 수 있는지 개선에 대한 견해를 추구하고 내년에는 변경이 필요한지 여부를 평가하기 위해 모든 개 제어 법안을 넓게 살펴볼 것입니다."	0.7333
25	“애완견을 키우려면 개를 효과적인 통제하에 두는 등 어느 정도의 책임이 수반된다. 이 사안에 관심이 있는 모든 사람들이 심의회에 참여하길 바란다.”	"""개를 소유하는 것은 개를 효과적으로 통제하는 것을 포함하여 특정 책임을 수반하며, 이 분야에 관심이 있는 모든 사람이 우리의 상담에 응답할 것을 권장합니다."""	"""개가 소유하고 있으며, 개를 효과적인 통제하에 개를 지키는 것을 포함하여 특정 책임을 가지고 있으며, 우리의 상담에 대응하기 위해이 분야에 관심이있는 모든 사람을 격려합니다."""	0.7826
26	이 심의회는 1월 15일까지 열리며, 본 법률의 구속력 강화 및 구체화에 대한 제안과 국가 차원의 애완견 관리 데이터베이스 구축 여부에 대한 질문 등을 다룬다.	협의는 1월 15일까지 진행되며 국가 개 통제 데이터베이스를 만들어야 하는지 여부에 대한 질문을 포함하여 현행법을 강화하고 명확히 하기 위한 제안이 포함되어 있습니다.	상담은 1 월 15 일까지 실행되며 국가 개 제어 데이터베이스가 작성되어야하는지 여부를 묻는 질문을 포함하여 현재 법률을 강화하는 제안서를 포함하고 분명히합니다.	0.9524
27	스코틀랜드 의회 사후적법률심의위원회는 개에게 공격을 당했거나 물려 죽은 아이들의 부모나 피해자들로부터 증언을 듣고, 정부의 애완견 관리법 검토를 촉구하고 있다.	스코틀랜드 의회의 입법 후 조사 위원회(Post-Legislative Scrutiny Committee)는 개에게 공격을 받거나 살해당한 어린이의 부모와 피해자로부터 증거를 듣고 있어 정부가 개 통제법을 검토하도록 촉구했습니다.	스코틀랜드 의회의 사후 법적 조사위원회는 개가 공격하거나 살해 한 자녀의 희생자와 부모의 증거를 듣고 정부에 개 통제법을 검토하도록 촉구했습니다.	0.7895
28	노약자와 어린이를 보호하기 위해 본 법률이 시급히 개정되어야 한다는 당부의 목소리가 스코틀랜드 의회의원들에게 전해졌다.	MSP는 취약한 사람들과 어린이를 보호하기 위해 법안이 시급한 개혁이 필요하다는 말을 들었습니다.	MSP는 취약한 사람들과 아이들을 보호하기위한 긴급한 개혁이 필요하다고 들었습니다.	0.7778
29	본 위원회는 지난해 그레이터 글래스고와 클라이드 지역에만 1,417명이 개로 인한 부상으로 응급실에 실려왔으며, 그 중 255명은 어린이였다는 소식을 접했다.	위원회는 작년에 Greater Glasgow와 Clyde에서만 개와 관련된 부상으로 1,417명이 A&E 부서에 도착했으며 그 중 255명이 어린이라고 들었습니다.	위원회는 Glasgow와 Clyde만으로도 개로 관련 부상을 입은 255 명의 어린이들과 255 명의 어린이들과 함께 A & E 부서에 도착했다고 들었습니다.	0.9
30	라나크셔 주의 국민보건소에는 912명이, 에어셔 주의 국민보건소에서는 439명이 치료를 받아 4년 만에 최고치를 기록했다.	NHS Lanarkshire는 912명을 치료했으며 NHS Ayrshire는 439명을 치료했는데 이는 모두 4년 최고치입니다.	NHS Lanarkshire는 912 명의 사람들과 NHS Ayrshire 439, 4 년 최고를 치료했습니다.	0.8333
31	지난 7월, 본 위원회의 의회의원들은 현재의 반려견 관리법이 목적에 부합하지 않는다고 결론 내렸으며 본 법률을 포괄적으로 검토할 것을 스코틀랜드 정부에 촉구하였다.	7월에 위원회의 MSP는 현행 개 통제 법안이 목적에 적합하지 않다는 결론을 내리고 스코틀랜드 정부에 모든 개 통제 법률에 대한 포괄적인 검토를 착수할 것을 촉구했습니다.	7 월에,위원회의 MSP는 현재의 개 통제 법안이 목적을 위해 적합하지 않고 스코틀랜드 정부가 모든 개 제어법에 대한 포괄적 인 검토를 수행하기 위해 부름 받았다.	0.7083
32	제니 마라 의장은 다음과 같이 말했다. “스코틀랜드의 애완견 관리법은 목적에 부합하지 않는다.	"의장 Jenny Marra는 ""스코틀랜드의 개 법은 목적에 적합하지 않습니다."	"케이블 제니 마르라 (Jenny Marra)는 ""스코틀랜드의 개 법은 목적을 위해 적합하지 않습니다."	0.5833
33	여전히 너무 많은 아이들이 개에게 공격을 당하고 있는데, 현행법에 대한 우리의 이해가 부족하고 법의 구속력이 미미하여 그런 사고를 미연에 방지하지 못한다.”	여전히 어린이에 대한 개 공격이 너무 많고 이러한 공격을 방지할 수 있는 현행법에 대한 시행이나 이해가 거의 없습니다.	"어린이에 대한 개 공격이 너무 많아서 이러한 공격을 예방할 수있는 현재의 법률에 대해 적은 집행이나 이해가 거의 없습니다. """	0.5263
34	“현재의 애완견 관리법의 효력이 없다는 것이 분명해졌다.	"""현재의 개 통제법이 효과가 없다는 것이 분명해졌습니다."	"""현재의 개 통제법이 작동하지 않는다는 것은 분명 해졌습니다."	0.625
35	시급히 개정되어 통제가 안 되고 위험한 개를 적절하게 관리해야 한다. 그래야 우리의 아이들이 개로부터 공격을 받지 않는 제도로 나아갈 수 있다.”	통제 불능이고 위험한 개들이 제대로 처리될 수 있도록 시급한 개혁이 필요하고 우리 아이들이 개에게 다치지 않도록 하는 제도로 넘어가도록 노력해야 한다”고 말했다.	"통제력과 위험한 개가 제대로 처리 될 수 있도록 긴급히 개혁을 필요로하고 우리 아이들이 개가 부상당하는 시스템으로 이동하려고 노력할 수 있습니다. """	0.8095
36	금요일 정부 웹사이트에 마련된 본 심의회는 다음과 같이 밝히고 있다. “스코틀랜드 전역에서의 효과적이고 일관된 법률 집행은 통제 불능인 개와 관련된 사안을 다루는 데 있어 핵심적이다.”	금요일에 정부 웹사이트에서 시작된 자문은 다음과 같이 말합니다.	"금요일에 정부의 웹 사이트에서 출시 된 상담은 다음과 같습니다. ""스코틀랜드 전역의 효과적이고 일관된 집행은 통제 개종 개와 관련된 주소 문제를 돕는 근본적입니다."""	0.9091
37	“이번 법률 검토에서는 지역사회의 안전을 위해 힘쓰고 있는 각 지방 정부당국 등 집행 기관을 지원하기 위해 필요한 조치들을 중점적으로 보고 있다.”	"""이 검토는 지역 당국과 같은 집행 기관이 자신의 권한을 사용하여 지역 사회를 안전하게 유지하는 데 도움이 될 수 있는 조치에 중점을 둡니다."""	"""이 리뷰는 지역 사회를 안전하게 유지하는 데 도움이되는 권한을 사용하도록 지방 당국과 같은 집행 기관을 지원하는 데 도움이되는 단계에 중점을두고 있습니다."""	0.7143
38	HSBC, 범죄 추적 시스템 전환하여 신규 사업 모색해	HSBC는 범죄 탐지 도구를 뒤집어 새로운 비즈니스 범위를 지정합니다.	HSBC는 Crime-spotting 도구를 새로운 비즈니스를 스코프로 플립합니다.	0.8571
39	HSBC 영국은행이 과거 자금 세탁 스캔들로 의무적으로 구축했던 자사의 금융범죄 추적 알고리즘을 전환하여 신 사업 모색에 활용하고 있다고 경영진들은 밝혔다.	영국 은행 HSBC(HSBA.L)가 자금세탁 스캔들의 여파로 구축해야 했던 금융 범죄 탐지 알고리즘을 새로운 비즈니스 기회를 포착할 수 있는 알고리즘으로 전환했다고 은행 임원들이 말했다.	영국 은행 HSBC (HSBA.L)는 금융 범죄 방안 알고리즘을 개조했으며, 은행 임원은 새로운 비즈니스 기회를 적용 할 수있는 돈세탁 스캔들의 일로 건설을 강요 받아야했다.	0.7391
40	이 시스템은 HSBC 고객들의 금융 거래 기록과 기업의 소유권 및 경영권 관련 공개 데이터를 결합하여 적절한 잠재 고객을 찾아 직원들에게 알려주고 기존의 네트워크로 그들에게 접근하는 방법도 제공한다.	이 시스템은 고객의 은행 활동에 대한 데이터와 회사 소유권 및 이사직에 대한 공개 데이터를 결합하여 바람직한 잠재 고객을 HSBC 직원에게 표시하고 기존 관계를 통해 고객과 연결할 수 있는 방법을 제공합니다.	이 시스템은 고객 소유권 및 이사회에 대한 공공 데이터와 함께 고객 소유권 및 이사회에 대한 공공 데이터와 함께 HSBC 직원에게 바람직한 잠재 고객을 플래그로 결합하여 기존 관계를 통해 그들과 연결하는 방법을 제공합니다.	0.5625
41	이처럼 HSBC가 데이터와 인공지능으로 수익을 극대화하려는 것은 자사의 방대한 물리적 네트워크와 고객의 데이터를 남김 없이 활용하기 위해 범위를 확장하는 공격적 전략으로, 노엘 퀸 임시 최고경영자가가 최우선으로 생각하고 있는 부분이다.	데이터와 인공 지능을 사용하여 수익을 늘리려는 시도는 임시 CEO인 Noel Quinn의 주요 우선 순위인 대규모 물리적 네트워크와 클라이언트 데이터를 최대한 활용하려는 HSBC의 광범위한 추진의 일부입니다.	데이터 및 인공 지능을 사용하여 수익은 HSBC의 광범위한 푸시의 일부이며, 대규모 물리적 네트워크 및 클라이언트 데이터에서 더 많은 것을 짜내려면 중간 수석 이그제큐티브 Noel Quinn의 핵심 우선 순위입니다.	0.8214
42	HSBC 고객네트워크뱅킹 부서의 스튜어트 나이비슨 글로벌사업 그룹장은 “이번이 금융범죄 예방에 대한 투자를 상업적 용도로 활용한 첫 시도로, 이런 사업 방식은 본질적으로 저위험 고수익이다”라고 밝혔다.	"HSBC의 클라이언트 네트워크 뱅킹 글로벌 책임자인 스튜어트 니비슨(Stuart Nivison)은 ""이는 금융 범죄 예방에 대한 투자를 상업적으로 사용한 최초의 방법 중 하나""라며 ""이러한 방식으로 얻는 사업은 본질적으로 위험이 낮고 더 빨리 승리할 수 있다""고 말했다."	"""그것은 금융 범죄 예방에 대한 투자의 첫 번째 상업적 용도 중 하나이며, 우리 가이 방식으로 얻는 사업은 본질적으로 위험이 낮고 이기기에 더 빨리 낮습니다.""라고 HSBC의 클라이언트 네트워크 뱅킹의 글로벌 헤드는 말했습니다."	0.7097
43	HSBC는 이번 신사업으로 창출될 기대 수익에 대한 언급은 거부했지만 ‘네트워크 확장 수익’ 이니셔티브로 이미 수십억의 추가 수익이 발생했다고 덧붙였다.	"HSBC는 새로운 시스템으로 얼마나 많은 수익을 올릴 수 있을지에 대해서는 언급하지 않았지만 광범위한 ""네트워크 수입"" 이니셔티브는 이미 수억 달러의 추가 수익을 창출했다고 말했습니다."	"HSBC는 새로운 시스템에서 무엇을 할 것으로 기대하는지에 대한 의견을 말하지 만 더 넓은 ""네트워크 수입""이니셔티브가 이미 수백만 달러를 추가로 수익을 올렸습니다."	0.8571
44	몇몇 애널리스트나 투자자들은 수익이 자본금보다 낮은 미국 같은 시장에서 사업 규모를 축소하거나 철수해야 한다고 주장하는 이 시점에 이러한 투자는 HSBC가 자사의 국제적 입지를 고수하기 위한 노력의 중요한 일환이다.	이러한 추진력은 일부 분석가와 투자자들이 자본 비용 이하로 수익을 내는 미국과 같은 시장을 축소하거나 철수해야 한다고 말하는 상황에서 글로벌 입지를 방어하려는 은행의 노력의 중요한 부분입니다.	이 드라이브는 일부 분석가와 투자자가 미국과 같은 시장을 수축 시키거나 출격하는 것이 그 자본 비용보다 낮은 시장을 수축 시키거나 출격해야한다고 말하면서 글로벌 존재를 방어하려는 은행의 노력의 중요한 부분입니다.	0.6429
45	2012년 HSBC는 몇몇 마약 카르텔이 자사의 멕시코 지사를 통해 자금 세탁을 했으나 막지 못해 19억 달러의 벌금으로 미국 정부와 합의를 봤고 그 일환으로 금융범죄를 추적하는 데 수십억을 투자해야 했다.	HSBC는 2012년 멕시코 지부를 통한 마약 카르텔의 자금 세탁 방지 실패에 대해 미국 당국과 19억 달러 합의의 일환으로 금융 범죄 준수에 수억 달러를 투자해야 했습니다.	HSBC는 멕시코 단위를 통해 약물 카르텔에 의한 돈세탁을 예방하지 못한 은행의 실패에 대한 2012 년에 수백만 달러를 금융 범죄 준수를 위해 수백만 달러를 투자해야했습니다.	0.875
46	이 시스템은 개인 고객과 기업의 유대관계를 매핑하여 양측간의 비정상적 거래의 패턴을 찾거나 과거의 드러나지 않은 연결고리를 파헤친다.	이 시스템은 개별 고객을 매핑하여 작동하고 회사는 서로 연결되어 있으며 비정상적인 거래 패턴을 찾거나 해당 엔터티 간의 이전에 알려지지 않은 연결을 발굴합니다.	이 시스템은 개별 고객과 회사가 서로 묶여서 작동 한 다음 비정상적인 트랜잭션 패턴을 찾고 그 엔티티간에 이전에 알 수없는 연결을 알지 못합니다.	0.7273
47	이 시스템 덕분에 이미 직원 400명이 거래 이력을 손수 확인하는 작업에서 해방되어 고객 대면 업무를 맡고 있고, 이에 따라서 그들이 고객을 돕는 데 시간을 더 할애할 수 있게 되었다고 HSBC 무역 금융 부서의 애드리언 릭비 최고운영책임자는 말했다.	HSBC 무역 사업부의 최고 운영 책임자인 Adrian Rigby는 이 시스템을 통해 이미 400명 이상의 직원이 거래 및 기록을 수동으로 확인하는 작업에서 고객을 돕는 역할로 전환할 수 있다고 말했습니다.	해당 시스템은 이미 400 개 이상의 직원이 거래 및 기록을 수동으로 검사하여 HSBC의 무역 사업의 최고 영업 책임자 인 Adrian Rigby를 고객에게 돕는 데 도움이 될 수있는 클라이언트 직면 역할을 수동으로 검사 할 수 있도록 이동했습니다.	0.8056
48	니비슨 HSBC 그룹장은 이 아이디어가 떠올랐던 순간은 이 시스템의 목적을 범법 행위를 감지하는 ‘적신호’가 아닌 매력적인 잠재 고객을 찾는 ‘청신호’를 알리기 위해 쓸 수 있겠다고 깨달았을 때였다고 말했다.	"HSBC의 니비슨(Nivison)은 전구의 순간이 범죄의 ""적신호""가 아닌 매력적인 잠재 고객의 ""녹색 깃발""을 찾기 위해 도구의 용도를 변경할 수 있다는 것을 깨닫고 있다고 말했습니다."	"HSBC의 Nivison은 전구 순간을 실현하고 있음을 깨닫고 있었다고 말했다. ""붉은 깃발""이 아닌 매력적인 잠재 고객의 ""녹색 깃발""을 찾아 보면서 거부 될 수 있다고 말했다."	0.75
49	그는 “우리는 우리가 가지고 있는 고객 데이터와 (영국) 기업 내부 데이터를 결합하여 알고리즘을 우회시켜 고객의 매력도를 측정했다. 그 데이터가 사업 분야나 기업 성장도, 기존 고객과의 관계든 뭐든 말이다.”라고 밝혔다.	"Nivison은 ""우리는 고객 데이터 세트를 가져 와서 (영국) Companies House 데이터와 결합하고 부문, 회사 성장 및 기존 고객과의 연결을 통해 고객의 매력을 찾기 위해 알고리즘을 바꿨습니다.""라고 말했습니다."	"""우리는 고객 데이터 세트를 가져 와서 (영국의) 회사의 회사와 결합하여 분야의 부문, 회사의 성장 및 기존 고객과의 연결 여부를 고객의 매력을 찾기 위해 알고리즘을 돌 렸습니다."	0.4231
50	현재 이 시스템에는 영국의 2,250만 개의 기업과 사람이 매핑되어 있어, 상호 연관 관계를 파악하는 데 한 직원이 수작업으로 3시간 걸릴 일을 3분이면 해낸다.	이 도구는 영국의 2250만 개체와 사람을 매핑했으며 직원이 수동으로 매핑하는 데 3시간이 걸렸을 연결 네트워크를 3분 만에 식별할 수 있다고 그는 말했습니다.	이 도구는 영국에 2250 만 개가 매핑되었으며 직원이 수동으로지도하기 위해 3 시간을 가져 갔을 때 직원이 3 시간을 걸릴 수있는 연결 네트워크에서 3 분 안에 식별 할 수 있습니다.	0.8621
51	클로이 카다시안의 바람 핀 전 연인 트리스턴 톰슨, 재결합 원한다는 소문 후 그녀의 인스타그램 사진에 절박한 댓글 또 남겨	Khloe Kardashian의 바람둥이 전 Tristan Thompson은 그녀를 다시 원한다는 소문이 있은 후 Instagram 사진에 또 다른 절망적 인 의견을 남겼습니다.	Khloe Kardashian의 바람둥이 전 Tristan Thompson은 그녀를 다시 원한다는 소문이 있은 후 Instagram 사진에 또 다른 절망적 인 의견을 남겼습니다.	0.0
52	클로이 카다시안과 교제 당시 바람을 폈던 그녀의 전 연인 트리스턴 톰프슨이 재결합을 원한다는 소문이 돌고 나서 그가 그녀의 인스타그램에 또 한 차례 절박한 코멘트를 남겼다.	KHLOE Kardashian의 바람둥이 전 Tristan Thompson은 그녀를 다시 원한다는 소문에 따라 Instagram 페이지에 또 다른 절망적인 댓글을 남겼습니다.	KHLOE Kardashian의 바람둥이 전 Tristan Thompson은 그녀를 다시 원한다는 소문에 따라 Instagram 페이지에 또 다른 절망적인 댓글을 남겼습니다.	0.0
53	유명인인 클로이(35)는 올해 초 NBA 선수인 톰슨이 그녀의 가족과 절친이었던 조딘 우즈와 바람을 피우다 걸리자 그와 완전히 결별했다. 톰슨은 과거 그녀가 딸 트루를 임신한 지 9개월이 되었을 때에도 바람을 핀 전력이 있다.	35세의 이 스타는 가족 친구인 조딘 우즈와 바람을 피웠다는 혐의를 받고 올해 초 NBA 선수를 영구 차버렸다.	35세의 이 스타는 가족 친구인 조딘 우즈와 바람을 피웠다는 혐의를 받고 올해 초 NBA 선수를 영구 차버렸다.	0.0
54	트리스턴이 또 한번 클로이의 인스타그램 페이지에 과장된 칭찬을 남긴 것이 확인되었다.	Tristan은 Khloe의 Instagram 페이지에 또 다른 찬사를 남겼습니다.	Tristan은 Khloe의 Instagram 페이지에 또 다른 찬사를 남겼습니다.	0.0
55	트리스턴(28)은 전 연인인 클로이가 최근 올린 셀피에 민망한 댓글을 달며 끝까지 싸워보겠다고 포기를 모르는 모습을 보이고 있다.	그러나 28세의 트리스탄은 싸우지 않고 포기하기를 거부하고 있습니다. 그의 전 남자친구의 최근 셀카에 대해 말도 안되는 칭찬을 남겼습니다.	그러나 28세의 Tristan은 싸우지 않고 포기하기를 거부하고 있습니다. 그의 전 남자친구의 최근 셀카에 대해 말도 안되는 칭찬을 남겼습니다.	0.0556
56	모자이크 처리된 사진에 클로이가 떠오르는 태양 앞에 서 있고 한 아이의 엄마라는 캡션과 함께 “네 모든 꿈을 펼칠 수 있는 용기를 가지길.”이라는 설명을 달았다.	"흐릿하게 찍힌 사진에서 클로이는 떠오르는 태양 앞에 서 있으며 한 엄마는 ""당신이 꿈꾸는 모든 꿈을 탐험할 용기를 가지길 바랍니다""라는 캡션을 남겼다."	"흐릿하게 찍힌 사진에서 클로이는 떠오르는 태양 앞에 서 있으며 한 엄마는 ""당신이 꿈꾸는 모든 꿈을 탐험할 용기를 가지길 바랍니다""라는 캡션을 남겼다."	0.0
57	트리스턴은 공개적으로 이렇게 코멘트를 남겼다. “태양이 미녀 [다이아몬드 이모티콘] 앞에서 빛나고 있네.”	"공개적으로 논평하면서 Tristan은 ""태양은 아름다운 [다이아몬드 이모티콘]에 밝게 빛나고 있습니다.""라고 썼습니다."	"공개적으로 논평하면서 Tristan은 ""태양은 아름다운 [다이아몬드 이모티콘]에 밝게 빛나고 있습니다.""라고 썼습니다."	0.0
58	팬들은 이 댓글에 분노했고, 한 팬은 이렇게 답글을 달았다. “응, 네가 떨어뜨린 다이아몬드.”	"팬들은 이 발언에 분노했고 한 사람은 ""네, 당신이 떨어뜨린 다이아몬드""라고 답했다."	"팬들은 이 발언에 분노했고 한 사람은 ""네, 당신이 떨어뜨린 다이아몬드""라고 답했다."	0.0
59	트리스턴은 클로이가 임신 9개월일 때 바람을 피웠다.	Tristan은 Khloe가 임신 9개월이었을 때 바람을 피웠습니다.	Tristan은 Khloe가 임신 9개월이었을 때 바람을 피웠습니다.	0.0
60	또 다른 팬은 이렇게 충고했다. “그냥 인스타그램을 닫아라.”	"또 다른 사람은 ""그냥 인스타그램에서 나가라""고 조언했다."	"또 다른 사람은 ""그냥 인스타그램에서 나가라""고 조언했다."	0.0
61	세 번째 댓글에는 이렇게 써 있었다. “속지 마, 클로이.”	"세 번째 사람은 이렇게 썼습니다. ""Khloe에 속지 마세요."""	"세 번째 사람은 이렇게 썼습니다. ""Khloe에 속지 마세요."""	0.0
62	이는 트리스턴이 리얼리티쇼 스타인 클로이가 게스진의 모델로 나온 사진 밑에 하트 눈 이모티콘과 함께 “완벽”이라는 댓글을 단 지 불과 며칠 안 돼 일어난 일이다.	"Tristan이 ""Perfection""과 함께 ""Perfection""이라는 글과 함께 리얼리티 스타 중 하나 아래에 있는 하트 아이 이모지, 그리고 그녀가 추측 청바지를 위한 모델링을 본 다른 사진들에 대해 쓴 후입니다."	"Tristan이 ""Perfection""과 함께 ""Perfection""이라는 글과 함께 리얼리티 스타 중 하나 아래에 있는 하트 아이 이모지, 그리고 그녀가 추측 청바지를 위한 모델링을 본 다른 사진들에 대해 쓴 후입니다."	0.0
63	이달 초, 더썬은 트리스턴이 클로이의 마음을 돌리려고 경매에서 40만 파운드를 주고 포르쉐를 샀다고 폭로했다. 여기에는 드레이크의 조언이 있었다.	이달 초 The Sun은 Tristan이 Drake의 조언에 따라 Khloe를 되찾기 위해 400,000파운드의 포르쉐를 샀다고 밝혔습니다.	이달 초 The Sun은 Tristan이 Drake의 조언에 따라 Khloe를 되찾기 위해 400,000파운드의 포르쉐를 샀다고 밝혔습니다.	0.0
64	그리고나서 트리스턴은 올해 초 카다시안 가족과 친구인 조딘 우즈와 또다시 바람을 피워 비난을 받았다.	그는 올해 초 카다시안의 가족 친구인 조딘 우즈와 바람을 피운 혐의로 다시 기소됐다.	그는 올해 초 카다시안의 가족 친구인 조딘 우즈와 바람을 피운 혐의로 다시 기소됐다.	0.0
65	그는 자신의 친구인 래퍼 드레이크가 ‘전력 투구’하라는 말에 자극을 받아 (추측상) 포르쉐 911 선물이라는 비굴한 선택을 했다.	"그는 랩퍼 친구의 ""파워 무브""를 요구한 후 911로 생각되는 비통한 선물로 결정했습니다."	"그는 랩퍼 친구의 ""파워 무브""를 요구한 후 911로 생각되는 비통한 선물로 결정했습니다."	0.0
66	그 결과 지인들에 따르면, 트리스턴이 클로이의 멘션에서 열린 ‘타코 튜스데이’ 저녁파티에 초대를 받았고 클로이와 그녀의 17개월 된 딸 트루와 재결합하는 데 한 걸음 더 다가가게 되었다.	결과적으로 친구는 Tristan이 Khloe의 저택에서 'Taco Tuesday' 저녁 식사에 초대를 받아 리얼리티 스타와 17개월 된 딸 True와의 재회에 한 걸음 더 가까이 다가갔다고 말했습니다.	결과적으로 친구들은 Tristan이 Khloe의 맨션에서 'Taco Tuesday' 저녁 식사에 초대받기까지 했다고 말했습니다. 이로써 리얼리티 스타와 17개월 된 딸 True와의 재회에 한 발 더 다가서게 되었습니다.	0.36
67	소식통에 따르면,트리스턴은 카다시안의 품으로 돌아가기 위한 전략을 세우는 데 있어 자신의 절친인 드레이크를 조언자로 이용하고 있다.	"한 소식통은 ""Tristan은 Drake와 좋은 친구이며 Kardashian 폴드로의 복귀를 계획할 때 그를 공명판으로 사용하고 있습니다."	"한 소식통은 ""Tristan은 Drake와 좋은 친구이며 Kardashian 폴드로의 복귀를 계획할 때 그를 공명판으로 사용하고 있습니다.""라고 말했습니다."	0.125
68	클로이는 트리스턴이 저지른 부정으로 상심했다.	Khloe는 Tristan의 불충실함에 마음이 상했습니다.	Khloe는 Tristan의 불충실함에 마음이 상했습니다.	0.0
69	드레이크는 트리스턴에게 클로이의 마음을 돌리고 싶다면 죽을 힘을 다해야 한다고 말했다.”	"""Drake는 Khloe를 되찾고 싶다면 모든 수단을 동원하라고 말했습니다."	"""Drake는 Khloe를 되찾고 싶다면 모든 수단을 동원하라고 그에게 말했습니다."""	0.2222
70	가벼운 저녁식사 초대를 번지르르한 슈퍼카와 바꾸는 게 비합리적으로 보일 수도 있다.”	"""캐주얼한 저녁 식사에 초대하는 것은 세련된 슈퍼카를 위한 합리적인 거래처럼 들리지 않을 수 있습니다."	"""캐주얼한 저녁 식사에 초대하는 것은 세련된 슈퍼카를 위한 합리적인 거래처럼 들리지 않을 수 있습니다."""	0.0714
71	"“그러나 트리스턴이 한 짓이 있기 때문에 클로이가 레드카펫이라도 깔아줄 거라고 기대할 수는 없는 일이다."""	"""하지만 Tristan이 한 일 후에 그는 Khloe가 그를 위해 레드 카펫을 깔기를 기대할 수 없습니다."""	"""하지만 Tristan이 한 일 후에 그는 Khloe가 그를 위해 레드 카펫을 깔기를 기대할 수 없습니다."""	0.0
72	이 커플은 17개월 된 트루의 엄마와 아빠다.	쌍은 17 개월 True의 엄마와 아빠입니다.	부부는 17개월 된 True의 엄마와 아빠입니다.	0.5
73	새로 나온 4차원 가족 카다시안 따라잡기 시즌 16 예고편에서 클로이 카다시안이 연인인 트리스턴 톰프슨이 바람을 피웠다며 펑펑 울며 소리지르는 모습이 나온다.	Khloe Kardashian은 새로운 Keeping Up With Kardashians 시리즈 16 예고편에서 바람 피는 남자 친구 Tristan Thompson에게 눈물과 비명을 질렀습니다.	Khloe Kardashian은 새로운 Keeping Up With Kardashians 시리즈 16 예고편에서 바람을 피우는 남자친구 Tristan Thompson에게 눈물을 흘리며 비명을 지릅니다.	0.3684
74	트리스턴이 “가족을 되찾겠다”고 맹세하며 그리스로 로맨틱한 여행을 떠나는 데 클로이를 초대할 계획이라는 소식을 지난 달 더썬이 폭로했었다.	Sun은 지난달 Tristan이 Khloe를 그리스로 로맨틱한 여행에 초대할 계획이라고 밝혔습니다.	Sun은 지난달 Tristan이 Khloe를 그리스로 로맨틱한 여행에 초대할 계획이라고 밝혔습니다.	0.0
75	클로이는 만나는 내내 계속된 트리스턴의 부정 행위에 상심했지만, 올해 초에도 딸 트루의 돌잔치에 그를 여전히 초대했다.	Khloe는 Tristan의 반복되는 불륜으로 인해 마음이 상했지만 여전히 올해 초 딸 True의 첫 번째 생일 파티에 그를 초대했습니다.	Khloe는 Tristan의 반복되는 불륜으로 인해 마음이 상했지만 여전히 올해 초 딸 True의 첫 번째 생일 파티에 그를 초대했습니다.	0.0
76	그러나 카다시안 가족의 예능 프로그램인 4차원 가족 카다시안 따라잡기를 보면 그 후 클로이가 트리스턴의 부정을 받아들이기 힘들다며 눈물을 보이는 것으로 사건이 마무리되었다.	그러나 스타의 가족 리얼리티 쇼 Keep Up With The Kardashians는 나중에 Khloe가 그의 외도를 받아들이기 위해 고군분투하면서 눈물을 흘리며 이벤트가 끝났다는 것을 보여주었습니다.	그러나 스타의 가족 리얼리티 쇼 Keep Up With The Kardashians는 나중에 Khloe가 그의 외도를 받아들이기 위해 고군분투하면서 눈물을 흘리며 이벤트가 끝났다는 것을 보여주었습니다.	0.0
77	사진 속의 갓 태어난 코뿔소, 어미에게 코 비비며 새 보금자리를 돌아다니는 사랑스러운 모습 담겨	갓 태어난 코뿔소가 어미를 재우고 새 집을 탐험하는 모습을 담은 사랑스러운 사진들	사랑 스럽다 사진들은 새로운 태어난 Rhino Nuzzling 그녀의 어머니를 보여주고 새로운 가정을 탐험합니다.	1.0
78	새끼 코뿔소 스텔라가 이 달 초 옥스퍼드셔 주에 위치한 코츠월드 와일드라이프 파크에서 태어났다. 부모인 몬티와 루비의 첫 암컷 새끼다.	아기 스텔라는 이달 초 옥스퍼드셔주 코츠월드 야생동물 공원에서 세계로 환영받았으며 부모 몬티와 루비 사이에서 태어난 첫 여성입니다.	베이비 스텔라는 이번 달 이전에 Cotswold Wildlife Park, Oxfordshire, Oxfordshire에서 세계로 환영을 받았으며 부모님 님과 루비로 태어난 최초의 여성입니다.	0.7895
79	건강한 상태로 잘 자라고 있는 이 어린 코뿔소가 울타리 주변을 돌아다니다가 짚으로 만든 침대에서 어미와 함께 휴식을 취하는 모습을 볼 수 있다.	건강하고 잘 수유중인 젊은이는 짚 침대에서 어머니와 함께 쉬기 전에 자신의 울타리에 대해 궁금해하는 것을 볼 수 있습니다.	건강하고 간호하는 젊은이들은 짚의 침대에서 그녀의 어머니와 함께 쉬기 전에 그녀의 인클로저에 대해 궁금해 할 수 있습니다.	0.5882
80	어미인 루비는 수컷인 몬티와 짝짓기하여 이 공원 최초의 코뿔소 새끼를 잉태하길 바라는 기대 속에서 낸시라는 다른 암컷 코뿔소와 함께 2009년 처음으로 와일드 파크에 입양됐다.	마더 루비는 2009년 낸시라는 또 다른 여성과 함께 야생 동물 공원에 합류하여 몬티와 함께 ​​공원 최초의 송아지를 낳을 수 있기를 희망했습니다.	어머니 루비 (Mother Ruby)는 2009 년에 야생 동물 공원에 낸시라는 다른 여성과 함께 낸시 (Nancy)라고 불리는 낸시가 몬티로 송아지가 송아지 송아지를 생산할 것입니다.	0.7826
81	그 후 낸시는 2013년에 아스트리드라는 암컷 코뿔소를 낳았으며, 스텔라는 49년의 역사를 자랑하는 이 공원에서 태어난 세 번째 암컷 코뿔소 새끼이다.	그런 다음 Nancy는 2013년 Astrid라는 이름의 암컷을 낳았습니다. Stella는 49년 동안 공원에서 태어난 세 번째 암컷 송아지였습니다.	그런 다음 낸시는 2013 년 아스트리드라는 여성을 낳았으며 스텔라가 49 년 역사에서 공원에서 태어난 세 번째 여성 송아지가되었습니다.	0.6667
82	코츠월드 와일드라이프 파크의 제이미 크레이그 큐레이터는 “현재 우리 공원의 코뿔소 무리는 매우 성공적이다.”라고 말했다.	Cotswold Wildlife Park의 큐레이터인 Jamie Craig는 다음과 같이 말했습니다: '우리는 현재 코뿔소 무리에서 엄청난 성공을 거두었습니다.	"Cotswold Wildlife Park의 큐레이터 인 Jamie Craig는 ""우리는 현재 Rhino 무리에서 엄청난 성공을 거두었습니다."""	0.5714
83	“스텔라는 낸시와 루비 사이에서 태어난 6번째 새끼로, 수컷 코뿔소인 몬티는 훌륭한 아빠임을 증명했다.”	Stella는 Nancy와 Ruby의 여섯 번째 아이이며 우리 황소 Monty는 훌륭한 아빠임이 증명되었습니다.	"""Stella는 낸시와 루비에서 여섯 번째 젊은이이고 황소, 몬티, 훌륭한 아빠 인 것으로 판명되었습니다."""	0.8462
84	“몬티는 수컷의 근엄성과 부성애가 완벽하게 조합된 코뿔소다.”	'그는 지배적인 황소와 돌보는 족장의 완벽한 조합입니다.	"""그는 지배적 인 황소와 경건한 족장의 완벽한 조합입니다."""	0.625
85	“특히 루비가 암컷 코뿔소를 낳아서 매우 만족스럽다. 암컷 코뿔소는 번식 프로그램에 반드시 필요한 존재다. 스텔라가 성공적인 어미가 되길 바라며 후에는 결국 다른 무리로 보내질 것이다.”	'Ruby가 암컷 송아지를 낳은 것은 특히 만족스럽습니다. 이것은 번식 프로그램의 발전에 필수적이며 Stella는 결국 성공적인 어미가 되기 위해 다른 컬렉션으로 이동할 것입니다.'	"""그것은 특히 루비가 여성 종아리를 만들어 냈습니다. 이들은 육종 프로그램의 발전을 위해 필수적이며 스텔라는 결국 결국 성공적인 어머니가되기 위해 또 다른 컬렉션으로 이동할 것입니다."""	0.7083
86	루비는 과거 2015년에 이안을, 2017년에 앨런이라는 수컷 코뿔소 두 마리를 낳았었다.	Ruby는 2015년에 Ian과 2017년에 Alan이라는 두 아들을 낳았습니다.	Ruby는 2015 년에 Ian이 2015 년에 2 명의 소년을 보였습니다.	0.9
87	앨런은 아직 공원에 있고 이안은 이탈리아의 토리노 동물원에 있다.	Alan은 여전히 ​​공원에 있고 Ian은 이탈리아 토리노 동물원에 있습니다.	앨런은 여전히 ​​공원에 있지만 이안은 이탈리아의 토리노 동물원에 있습니다.	0.4444
88	앨런이 생후 일주일 됐을 때 몸무게가 11스톤 정도였다.	앨런은 태어난 지 일주일밖에 되지 않았을 때 몸무게가 약 11스톤이었습니다.	앨런이 일주일 였을 때, 그는 11 개의 돌 주위에 무게를 잰다.	1.0
89	사육 동물의 출산은 극히 드문 것으로 여겨진다.	포로 상태에서 출생하는 것은 극히 드문 것으로 간주됩니다.	포로의 출생은 매우 드물게 고려됩니다.	1.6
90	암컷의 번식 주기가 2년 반에서 5년이기 때문에, 성공적으로 번식할 수 있는 기회가 제한적이다.	암컷은 2년 반에서 5년마다 번식하므로 성공적인 번식의 기회는 제한적입니다.	암컷은 2 ~ 2/5 년의 매일 5 년 만에만 재현되므로 성공적인 재생을위한 기회 창이 제한적입니다.	0.8
91	이 공원에 따르면, 보통 임신 기간은 16-18개월이며 그 뒤에 새끼 코뿔소 한 마리가 태어난다.	공원에 따르면 일반적인 임신 기간은 16개월에서 18개월 사이이며 그 후에 한 마리의 송아지가 태어납니다.	공원에 따르면, 일반적인 임신 기간은 16 년에서 18 개월 사이의 지속되며, 한 송아지가 태어났습니다.	0.6429
92	이는 임신 기간이 22개월인 코끼리를 제외하면, 지상 포유류 중 가장 긴 임신 기간을 가진 것이다.	그것은 코끼리의 22개월의 임신 기간을 능가하는 육상 포유류 중 가장 긴 임신 기간으로 간주됩니다.	그것은 코끼리의 22 개월 임신 기간에 의해서만 능가함으로써 어떤 땅 포유류의 가장 긴 임신 기간으로 간주됩니다.	0.5
93	갓 태어난 새끼 코뿔소는 생후 한 시간 이내에 직립이 가능하다.	갓 태어난 Rhino 송아지는 출생 후 1시간 이내에 일어납니다.	신생아 Rhino 송아지는 1 시간 이내에 일어납니다.	0.7143
94	코뿔소는 태어나는 즉시 젖 빨기를 시도하지만 처음 며칠 동안은 서있는 자세가 조금 불안정할 수 있다.	송아지는 태어나면 즉시 젖을 먹으려 하지만 처음 며칠 동안은 발이 약간 불안정할 수 있습니다.	일단 태어 났을 때, 송아지는 처음 며칠 동안 발에 조금 불안정 할 수 있지만 송아지는 젖을 끊으려고합니다.	0.8235
95	새끼 코뿔소는 어미의 보호를 받으며 약 1년간 젖을 먹는다.	그것은 약 1 년 동안 그녀에게서 젖을 먹으며 어머니의 감시하에 남아있을 것입니다.	그것은 약 1 년 동안 그녀에게서 그녀를 흡수하는 어머니의 조심스러운 눈에 남아있을 것입니다.	0.3077
96	코뿔소 모자의 유대는 매우 강하며 어미와 2년 이상 함께 지내며 어미의 보호를 받는다.	그들의 유대는 매우 강하며 송아지는 보호의 혜택을 받아 적어도 2년 동안 어미와 함께 있을 것입니다.	그들의 채권은 강렬하게 강한 것이고 송아지는 최소한 2 년 동안 어머니와 함께 남아 있으며, 그녀의 보호에서 이익을 얻습니다.	0.8889
97	암컷 코뿔소는 자신의 새끼를 필사적으로 보호하며, 위협을 받으면 적을 공격한다.	암컷은 새끼를 공격적으로 보호하며 도전을 받으면 적을 위협합니다.	암컷은 자신의 자손을 적극적으로 가드하고 도전 한 경우 적대적을 위협하고 있습니다.	0.9091
98	세레나 윌리엄스, 윔블던 코트 훼손죄로 벌금 1만 달러 물어	세레나 윌리엄스, 윔블던 코트 손상 혐의로 $10,000 벌금 부과	Serena Williams는 윔블던 코트를 손상시키는 데 10,000 달러를 벌었습니다.	0.8889
99	테니스의 전설이자 윔블던 7회 우승 선수인 세레나 윌리엄스가 자신의 라켓으로 런던의 연습 코트를 훼손해 1만 달러의 벌금을 물게 되었다.	테니스의 전설이자 윔블던 7회 챔피언인 세레나 윌리엄스가 라켓으로 런던 연습장을 훼손한 혐의로 1만 달러의 벌금을 부과받았다.	Serena Williams, Tennis Legend 및 Seven-Time WiMbledon 챔피언은 런던 연습 법원이 라켓과 함께 손상된 것을 혐의로 10,000 달러를 벌고 있습니다.	0.9
100	윌리엄스가 6월 30일 외부 코트에서 연습 경기 도중 코트에 손상을 입힌 것으로 알려졌고 윔블던 토너먼트를 주최하는 윔블던 테니스대회는 윌리엄스에게 벌금을 부과했다고 AP 통신과 CNN은 전했다.	AP통신과 CNN에 따르면 윔블던 대회를 주최하는 올잉글랜드 클럽(All England Club)은 윌리엄스가 6월 30일 야외 코트에서 연습 라운드에서 부상을 입힌 것으로 알려지면서 벌금을 부과했다.	Wimbledon 토너먼트를 주최 한 모든 영국 클럽은 연관된 프레스와 CNN에 따라 6 월 30 일 외부 법원에서 연습하는 동안 손상을 입었습니다.	1.0952
101	테니스 여제 윌리엄스(37)는 화요일 8강전에서 앨리슨 리스크에게 승리한 뒤 가진 기자들과의 인터뷰에서 벌금을 대수롭지 않게 여기는 듯 보였다.	37세의 이 테니스 스타는 화요일 Alison Riske와의 8강전에서 승리한 후 기자들과 이야기하는 동안 벌금을 으쓱하는 것처럼 보였습니다.	37 세의 테니스 스타는 화요일에 앨리슨리스 (Alison Riske)에 대한 앨리슨리스 (Alison Riske)에 대한 일치판 라운드를 획득 한 후 기자에게 말하면서 멋진 곳에서 어깨를 으 내고 있습니다.	0.8846
102	"벌금에 대해 묻자 윌리엄스는 ""솔직히 벌금에 대해 별로 생각해 본 적이 없다""고 말했다."	벌금에 대해 묻자 그녀는 “솔직히 생각해본 적이 없다”고 말했다.	"""나는 정말로 그것에 대해 생각하지 못했습니다.""그녀는 괜찮은 것에 대해 물어볼 때 말했습니다."	0.9167
103	그저 라켓을 던졌을 뿐인데	방금 라켓을 던졌습니다.	방금 내 라켓을 던졌다.	0.5
104	벌금을 물게 되었다.	벌금을 냈습니다.	나는 벌금이 부과된다.	1.0
105	윌리엄스는 그 행동으로 어떤 손상을 입혔는지 모르겠다고 말했다.	Williams는 그것이 어떻게 피해를 입힐 수 있었는지 모른다고 말했습니다.	윌리엄스는 그녀가 그게 어떻게 손해를 줄 수 있었는지 알지 못했습니다.	0.7
106	"“그러니까 나에게 설명을 해줄 수 있다면 참 고맙겠다""라고 윌리엄스는 기자들에게 말했다."	"그녀는 기자들에게 ""내 말은, 당신이 나에게 말해줄 수 있다면 감사할 것 같다""고 말했다."	"""나는 네가 나에게 말할 수 있다면, 나는 그것을 고맙게 생각한다.""라고 그녀는 기자들에게 말했다."	0.7692
107	그러니까 내 안에는 항상 어벤저스가 있었다.	내 말은, 나는 항상 마음속으로 어벤져였습니다.	"""나는 항상 나는 항상 내 마음 속에 복수 자였습니다."	0.7778
108	내가 힘이 너무 센 건지.	어쩌면 나는 매우 강하다.	어쩌면 나는 슈퍼 강한 것일 수도 있습니다.	0.7143
109	잘 모르겠다.”	모르겠어.	"나는 모른다. """	1.0
110	윌리엄스는 여덟 번째 윔블던 타이틀을 노리고 있고, 그렇게 되면 통산 24번째 그랜드 슬램 대회 우승을 거두게 된다.	Williams는 24번째 그랜드 슬램 우승이 되는 8번째 Wimbledon 우승 이후입니다.	Williams는 그녀의 여덟 번째 윔블던 타이틀 이후, 그녀의 24 번째 그랜드 슬램 승리가 될 것입니다.	0.8667
111	윌리엄스는 체코의 바보라 스트리코바 선수와 목요일 단식 준결승전에서 맞붙는다.	그녀는 목요일 체코 선수 바르보라 스트리코바를 상대로 단식 준결승에 진출합니다.	그녀는 목요일에 Czech Player Barbora Strýcová에 대한 싱글 준결승을 발전시키고 있습니다.	0.9091
112	윌리엄스는 작년에도 US 오픈에서 그녀가 경기 도중 불법으로 코치와 대화한 혐의를 심판이 제기하자 심판에게 자신을 해명하다가 총 17,000달러의 벌금을 물은 바 있다.	윌리엄스는 또한 US 오픈에서 경기 중 코치와 불법적으로 의사 소통을 했다고 비난한 심판으로부터 자신을 변호한 후 총 17,000달러의 벌금을 부과받았습니다.	Williams는 또한 성냥 중에 그녀의 코치와 불법적으로 의사 소통을받는 사람을 비난 한 U.S.에서 그녀가 불법적으로 의사 소통을받지 않은 미국에서 심판을 방지 한 후에 총 17,000 달러를 벌이 었습니다.	0.8571
113	이 사건에서 심판은 윌리엄스가 세 가지 규칙을 위반했다고 지적했다. 첫째, 불법 코칭을 받은 점, 둘째, 실망감 때문에 테니스 라켓을 부순 점, 셋째, 심판에게 항의하며 ‘도둑’이라고 부른 점이다.	"그 사건 동안 심판은 Williams에게 세 가지 규정 위반을 발표했습니다. 하나는 불법적인 코칭을 받았고, 두 번째는 좌절감에 테니스 라켓을 깨뜨린 것이었고, 세 번째는 심판과 대면하여 그를 ""도둑""이라고 불렀습니다."	"그 사건 중에 심판은 윌리엄스에게 3 개의 코드 위반을 발표했습니다. 불법 코칭을받는 사람, 좌절감에 맞는 그녀의 테니스 라켓을 깨뜨리고 심판에 직면하고 그를 ""도둑""이라고 불렀던 것입니다."	0.8
114	윌리엄스의 많은 팬들은 심판이 윌리엄스에게 필요 이상으로 냉정하게 반응했다고 주장했다. 특히 스포츠 역사상 남자 선수들이 자제심을 잃었을 때를 고려해보면 말이다.	많은 Williams' 팬들은 스포츠 역사 전반에 걸쳐 특히 남성 선수들의 몰락을 고려할 때 심판이 그녀에게 불필요하게 가혹한 반응을 보였다고 주장했습니다.	"많은 윌리엄스의 팬들은 심판이 그녀에게 불필요하게 가혹하게 혹독했으며, 특히 남성 선수들이 ""스포츠의 역사를 통해 붕괴를 고려했다""고 주장했다."	0.8235
115	“당신은 다른 남자 선수들이 그것보다 얼마나 더 심한 행동을 하는지 아느냐?”	"""그보다 훨씬 더 나쁜 짓을 하는 남자가 얼마나 많은 줄 아세요?"""	"""다른 사람들이 얼마나 많은 사람들이 그보다 더 나쁜 일을하는지 아십니까?"""	1.0
116	윌리엄스가 심판에게 항의한 뒤 US 오픈 관계자들이 경기 도중 코트에 들어오자 그녀는 그들에게 말했다.	윌리엄스는 심판과 대치 후 경기 중 코트에 입장한 US오픈 관계자들에게 말했다.	윌리엄스는 심판과의 대결을 마친 후 법원에 들어간 미국을 열었습니다.	1.1111
117	윌리엄스가 올해 윔블던에서 벌금을 물은 유일한 선수는 아니었다. 물론 제일 많이 내긴 했지만 말이다.	윌리엄스가 올해 윔블던에서 벌금을 부과받은 유일한 사람은 아니었지만, 그녀가 가장 많이 받은 벌금이었습니다.	Williams는 Hers가 가장 비싸지 만, 올해의 윔블던에서 벌금을받은 유일한 사람이 아니 었습니다.	1.0833
118	이탈리아의 파비오 포그니니 선수는 토요일 미국의 테니스 샌드그렌 선수를 상대로 3라운드에서 패한 뒤 테니스 코트에서 '폭탄이나 터져라’고 말해 3천 달러의 벌금을 물었다.	"이탈리아 선수 파비오 포그니니(Fabio Fognini)가 토요일 테니스 코트에서 미국 선수 테니스 샌드그렌(Tennys Sandgren)에게 3라운드에서 패한 후 ""폭탄이 터져야 한다""고 말한 혐의로 3,000달러의 벌금을 부과받았다."	"이탈리아 선수 Fabio Fognini는 토요일에 U.S. Player Tennys Sandgren에게 3 라운드를 잃은 후 테니스 코트에서 ""폭탄이 폭발""을 ""폭탄이 폭발해야한다""고 약 3,000 달러를 벌었습니다."	0.8261
119	호주의 닉 키리오스 선수는 언스포츠맨라이크 컨덕트로 두 번이나 (처음은 3천 달러, 두 번째는 5천 달러) 벌금을 물었다.	호주의 닉 키르기오스(Nick Kyrgios)는 스포츠맨답지 않은 행위로 3,000달러와 5,000달러의 두 가지 벌금형을 받았습니다.	호주의 Nick Kyrgios는 2 개의 벌금이났다.	2.0
120	신사적인 정치: 영국의 분열을 막고자 예의 있는 정치인을 표창하는 새 수상 제도 마련해	정치의 시민성: 웨스트민스터 분열에 대응하고 예의를 보여주는 정치인을 인정하기 위한 새로운 시상 제도	정치의 정중함 : 새로운 상 수상 방식은 웨스트 민스터 부문을 카운터로 설정하고 예의를 보여주는 정치인을 인정합니다.	0.8125
121	공직 중 예의를 갖춘 정치인을 표창하기 위한 새로운 수상 제도가 마련되었다.	공로를 인정하는 정치인을 표창하기 위한 새로운 시상 제도가 마련되었습니다.	새로운 상을 수여하는 계획은 그들의 일에 예의를 끄는 정치인을 인식하기 위해 설립되었습니다.	1.0
122	이 제도는 의회의 복귀로 영국 의회와 정부가 분열된 한 주를 보낸 후에 발표되었다.	의회가 반환된 후 웨스트민스터에서 분열된 한 주가 지난 후입니다.	그것은 의회의 반환에 따라 웨스트 민스터에서 분열 된 주간 이후입니다.	1.0
123	당시는 하원의원이 협박을 받고 보리스 존슨 영국 총리급 공직자들이 말실수를 하여 분노로 점철된 시간이었다.	보리스 존슨 총리와 같은 사람들이 사용하는 언어에 대한 분노와 하원의원에 대한 위협으로 표시되었습니다.	그것은 Boris Johnson 총리의 좋아하는 언어로 인해 MPS에 대한 위협으로 표현되었다.	1.0
124	이 같은 분열 상황을 방지하기 위해 지난 금요일 ‘신사정치’상이 공식 발표되었고, 올해의 정치인에게는 상금 3천 파운드를 수여하여 자선단체에 기부한다.	"분열에 대응하기 위해 금요일에 ""정치의 시민"" 상이 발표되었으며 올해의 정치인에게는 자선 단체에 3,000파운드가 수여되었습니다."	"부문에 부합하기 위해 ""정치의 정치""상은 금요일에 발표되었으며, 해당 연도의 정치가가 자선 단체를주기 위해 3,000 파운드를 수여하는 것입니다."	0.8824
125	보리스 존슨 총리는 하원에서 사용했던 어조 때문에 비난을 받아왔다.	보리스 존슨은 하원에서 그가 사용한 언어 어조로 비판을 받았습니다.	Boris Johnson은 Commons Chamber에서 사용한 언어의 톤을 비판 받았습니다.	0.7778
126	로드 스튜어트는 이 상을 발표하며 다음과 같이 밝혔다 : “영국 정치에서 신뢰와 예절이 위기에 직면했다는 데 우리 모두 동의한다.”	스튜어트 경(Lord Stewart)은 상을 발표하면서 “영국 정치가 신뢰의 위기와 시민의식의 위기에 직면해 있다는 데 모두가 동의합니다.	"Shewart, Sewart는 상을 수여합니다. ""모든 사람들은 영국의 정치가 신뢰의 위기와 정중함의 위기에 직면 해 있습니다."""	0.8667
127	“브렉시트에 대한 계속되는 논쟁으로 분열과 응어리가 쌓여가는 상황이지만, 우리는 정치란 이런 추세를 반영할 게 아니라 이에 맞서 싸우는 방식으로 해결해나가는 것이라고 굳게 믿는다.”	"""브렉시트를 둘러싼 계속되는 논쟁에서 분열과 괴로움이 커지면서 우리는 정치가 이러한 추세를 반영하는 것이 아니라 저항함으로써 대응해야 한다고 굳게 믿습니다."	"""BREXIT 주변의 지속적인 토론에있는 부서와 쓴 민족은 정치가 이러한 추세를 미러링하지 않고 그들을 버리려함으로써 정치가 반응하지 않아도되고 있다고 믿습니다."""	0.8947
128	“이 상은 자신의 주장을 펼침에 있어 품위와 예의를 갖추는 정치인, 당파를 넘어 모든 사람들과 교류하고 협력하는 정치인을 본보기로 세우기 위해 (정치적 신념이 다르거나 아예 없는) 소수 공직자들이 하고 있는 작은 시도이다.”	"""이 상은 정치적 설득이 전혀 다른 공적 삶의 사람들이 자신의 주장을 품위와 정중함으로 주장하고 분열을 넘어 사람들과 교류하고 협력할 수 있는 정치인에게 스포트라이트를 비추기 위한 작은 시도입니다. 그것은 우리 모두에게 영향을 미칩니다."""	"""이러한상은 사례와 정중함으로 사건을 주장하는 정치인들에 대한 스포트라이트를 비추고, 분할을 가로 지르는 사람들과의 스포트라이트를 비추는 것은""이러한상은 삶의 삶의 작은 시도가 적다. 그것은 우리 모두에게 영향을 미칩니다. """	1.0741
129	후보 추천은 토요일에 시작되며, 시상식은 내년 3월에 열린다.	후보 선정은 토요일에 열리며 시상식은 내년 3월에 있을 예정이다.	후보자는 내년 3 월에 수상 의식으로 토요일에 열리게 될 것입니다.	1.0
130	앰버 러드 전 장관이 오늘 진행된 더 스탠더드와의 독점 인터뷰에서 존슨 총리가 ‘폭력을 부추기는’ 공격적인 말투를 쓴다고 비난했다.	"Standard와의 독점 인터뷰에서 Amber Rudd 전 내각 장관은 오늘 Johnson이 ""폭력을 선동하는"" 공격적인 언어를 사용하고 있다고 비난했습니다."	"표준과 독점적 인 인터뷰에서는 Amber Rudd 장관이 오늘날 Amber Rudd 장관이 ""폭력을 선사하는""공격적인 언어를 배치하는 Johnson을 비난했습니다."	0.7647
131	존슨 총리는 자신으로서는 하원의원들에 대한 협박이 ‘개탄스러운 일’이라고 밝혔다.	"존슨 총리는 의원들에 대한 위협을 ""개탄한다""고 말했다."	"존슨 (Johnson)은 그의 부분을 위해 MPS에 대한 ""Deprores""위협 ""을 말했습니다."	0.8
132	‘두려워하라’라는 살인 협박을 받고 ‘겁에 질린’ 제스 필립스 의원.	Jess Phillips는 '두려운'죽음의 위협을받은 후 '무서워'	Jess Phillips, '두려워'죽음의 위협을받은 후 '두려워'.	0.5
133	제스 필립스 노동당 하원의원은 존슨 총리를 비난한 의원 중 하나로, 한 남성이 자신의 선거 사무소 ‘문을 걷어 차려고’ 시도하며 자신을 ‘파시스트’라고 소리지르다가 체포됐다고 지난 목요일 밝혔다.	"존슨 총리를 비판한 또 다른 의원인 노동당 의원 제스 필립스는 목요일에 한 남성이 그녀가 ""파시스트""라고 소리치면서 그녀의 선거구 사무실을 ""차기""하려다 체포됐다고 말했다."	"목요일, 노동 MP Jess Phillips - 존슨 (Johnson) 씨를 비판받은 사람들 중 하나는 그녀가 ""파시스트 주의자""라고 생각하면서 그녀의 찬양지 사무실의 ""문을 걷어차""를 시도한 후에 남자가 체포되었다고 말했습니다."	0.9259
134	한편, 조 스윈슨 자유민주당 대표는 자신의 어린 자녀가 협박당해 경찰에 신고했다.	한편 자민당 대표인 조 스윈슨은 어린 자녀 중 한 명을 위협한 후 경찰에 진술했습니다.	그 사이에 자유 민주당의 지도자 조윈슨은 어린 아이들 중 한 명에게서의 위협에 따라 경찰과 이야기하고있었습니다.	0.8
135	또한 노동당의 원로 하원의원인 이베트 쿠퍼의 딸 엘리 쿠퍼는 콕스 의원이 살해된 후 자신의 어머니가 걱정된다고 트위터 스레드에 남겼다.	그리고 바이러스 성 Twitter 스레드에서 노동당 상임 의원 Yvette Cooper의 딸인 Ellie Cooper는 Ms Cox의 살해 이후에 그녀의 어머니에 대한 두려움을 설명했습니다.	그리고 바이러스 트위터 스레드에서 엘리 쿠퍼 (Ellie Cooper)는 수석 노동력의 딸였습니다. MP Took coper는 MS Cox의 살인의 일로 인해 어머니를위한 그녀의 두려움을 묘사했습니다.	0.7826
136	그녀는 존슨 총리가 “사용하는 말투가 하원의원에 대한 폭력을 조장한다”고 비난했었다.	"그녀는 존슨 총리가 ""의원에 대한 폭력을 조장하는 데 도움이 되는 언어를 사용하고 있다""고 비난했다."	"그녀는 ""MPS에 폭력을 돕는 언어 사용""의 Johnson을 ""MPS에 보관하는 데 도움이됩니다."""	1.0909
137	데이비드 애튼버러, 동물과 색상에 대한 새 다큐멘터리 제작해	David Attenborough 동물 및 색상에 대한 새로운 다큐멘터리 작업	David Attenborough 동물 및 색상에 대한 새로운 다큐멘터리 작업	0.0
138	데이비드 애튼버러는 93세의 나이에도 불구하고 자연 분야의 상징적인 권위자로서 활동을 늦추지 않고 있다.	데이비드 attenborough는 93 세이지만 상징적 인 자연 전문가가 아직 둔화되지 않습니다.	데이비드 attenborough는 93 세이지만 상징적 인 자연 전문가가 아직 둔화되지 않습니다.	0.0
139	그렇다, 그의 획기적인 넷플릭스 다큐멘터리인 ‘우리의 지구’의 성공 이후 사랑받는 스타인 애튼버러는 새로운 시리즈를 통해 컴백할 예정이다. 바로 ‘생명의 색채'이다.	아니요, 그의 획기적인 Netflix 다큐멘터리의 성공 후 우리 행성은 많은 사랑받는 별이 다른 시리즈로 돌아갈 것입니다 : 삶의 색상.	아니요, 그의 획기적인 Netflix 다큐멘터리의 성공 후 우리 행성은 많은 사랑받는 별이 다른 시리즈로 돌아갈 것입니다 : 삶의 색상.	0.0
140	이번에는 두 아이를 둔 애튼버러가 이 프로그램을 위해 특수 제작된 최첨단 카메라를 통해 동물들이 일상생활에서 색상을 어떻게 활용하는지 살펴볼 것이다.	이번에는 아버지 두 사람이 동물을 위해 특별한 기술 카메라를 통해 그들의 삶에서 동물을 사용하는 방법을 살펴 보겠습니다.	이번에는 아버지 두 사람이 동물을 위해 특별한 기술 카메라를 통해 그들의 삶에서 동물을 사용하는 방법을 살펴 보겠습니다.	0.0
141	"BBC에 따르면, 애튼버러의 목표는 ""보통 인간의 눈으로는 볼 수 없는 색상의 세계""를 보여주는 것이다. 그리고 그건 진심으로 멋질 것 같다."	"BBC는 별이 ""인간의 눈에 보이지 않는 색상의 세계""를 보여주는 것을 목표로하고 진정으로 매혹적인 것으로 들린다."	"BBC는 별이 ""인간의 눈에 보이지 않는 색상의 세계""를 보여주는 것을 목표로하고 진정으로 매혹적인 것으로 들린다."	0.0
142	그러나 팬들이 이 신작의 개봉을 손꼽아 기다리고 있긴 하지만, 2021년까지 방영되지 않을 모양인 만큼 우리 모두 그때까지 참고 기다려야 할 것 같다.	그러나 팬들이 다가오는 방출을 위해 열심이 있음에도 불구하고, 우리는 우리 모두가 2021 년까지 우리 화면을 떨어 뜨리지 않을 것처럼 꽉 앉을 필요가있는 것 같습니다.	그러나 팬들이 다가오는 방출을 위해 열심이 있음에도 불구하고, 우리는 우리 모두가 2021 년까지 우리 화면을 떨어 뜨리지 않을 것처럼 꽉 앉을 필요가있는 것 같습니다.	0.0
143	그러나 기다린 보람이 있을 것이라 장담한다.	그러나 우리는 그것이 기다릴만한 가치가있을 것입니다.	그러나 우리는 그것이 기다릴만한 가치가있을 것입니다.	0.0
144	이달 초, 데이비드는 런던의 한 권위 있는 시상식에서 TV 초이스의 평생 공로상을 수상했다.	이번 달 이전에 David는 런던의 명성 의식에서 TV Choice Lifetime Achievement Award와 함께 제공되었습니다.	이번 달 이전에 David는 런던의 명성 의식에서 TV Choice Lifetime Achievement Award와 함께 제공되었습니다.	0.0
145	국보급 감독인 데이비드는 60년에 걸친 자신의 커리어를 통해 수백만에게 즐거움을 선사했다.	국보는 60 년 동안이기 때문에 경력을 쌓았습니다.	국보는 60 년 동안이기 때문에 경력을 쌓았습니다.	0.0
146	수상하는 순간에 그는 열정적으로 말했다. ”사실 그렇다.	"그의 공을 수집 할 때 기자들은 ""실제로,"	"그의 공을 수집 할 때 기자들은 ""실제로,"	0.0
147	내가 하는 일이 항상 즐거운 건 아니다. 때로는 사람들이 원치 않는 내용을 전달하기도 한다!”	내가하는 일은 항상 재미 있지 않고 때로는 사람들이 좋아하지 않는 것을 듣는 것입니다!	"내가하는 일은 항상 재미 있지 않고 때로는 사람들이 그들이 좋아하지 않는 것을 듣습니다! """	0.2143
148	하지만 이 상은 영광스럽고 매우 기쁜 일이다.	"""그러나 이것은 명예와 큰 기쁨입니다."""	"""그러나 이것은 명예와 큰 기쁨입니다."""	0.0
149	"TV 초이스는 수상자인 데이비드에 대해 다음과 같이 말했다. “데이비드 애튼버러 경은 아직도 일하고 배우고 프로그램을 제작하고 있다. 그는 영국의 영웅일 뿐만 아니라 세계적인 아이콘이다."""	"TV 선택은 우승자에게 ""아직도 일하고, 배우고, David Attenborough 선생님이 영국의 영웅이 아니라 글로벌 아이콘입니다."""	"TV 선택은 우승자에게 ""아직도 일하고, 배우고, David Attenborough 선생님이 영국의 영웅이 아니라 글로벌 아이콘입니다."""	0.0
150	이번 주 한 극지방 조사선이 데이비드의 이름을 빌리면서 다시 한번 그가 축하를 받았다.	이번 주, 다윗은 극지 연구 선박이 그 사람의 이름을 딴 것처럼 다시 한 번 축하 받았습니다.	이번 주, 다윗은 극지 연구 선박이 그 사람의 이름을 딴 것처럼 다시 한 번 축하 받았습니다.	0.0
151	데이비드는 윌리엄 왕자와 케이트 부부와 함께 머지사이드 비컨헤드에 위치 캐멀 레어드 사의 한 조선소에서 열린 명명식에 참여했다.	별은 Birkenhead, Merseyside의 Cammell Laird Shipyard에서의 명명 행사에 대한 프린스 윌리엄과 케이트 모두에 합류했습니다.	별은 Birkenhead, Merseyside의 Cammell Laird Shipyard에서의 명명 행사에 대한 프린스 윌리엄과 케이트 모두에 합류했습니다.	0.0
152	그는 이렇게 말했다. “지구가 커다란 문제에 직면해 있다는 것은 여러분 모두에게 새로운 소식이 아닐 것이다. 이 사실을 누구보다 잘 알고 있는 건 이 세상을 물려받을 오늘날의 젊은이들이다.”	"그는 이렇게 말했습니다. ""세상이 위대하고 위대한 문제와 가장 인식하는 것은 오늘의 젊은이 들이이 세상을 상속받을 것입니다."	"그는 이렇게 말했습니다. ""세상이 위대하고 위대한 문제와 가장 인식하는 것은이 세상을 상속받을 수있는 젊은이들입니다."""	0.4286
153	엄청난 문제를 해결하기 위해서는 엄청난 연구와 사실이 필요하다.”	"""큰 문제는 그들을 해결하기 위해 훌륭한 연구와 사실이 필요합니다."	"""큰 문제는 그들을 해결하기 위해 훌륭한 연구와 사실이 필요합니다."""	0.1111
154	“그래서 이 멋진 선박이 그걸 하기 위해 오늘 여기에 있는 것이다. 사실을 밝혀내고 과학을 발견하기 위해서, 그리고 그걸로 오늘날 우리가 당면한 문제를 해결하기 위해서, 그리고 내일도 그 일을 계속하기 위해서.”	"""이는이 놀라운 배가 오늘날이 될 것입니다. 오늘날 세계에 직면하고있는 문제를 다루는 문제를 다루는 과학을 찾고 내일 점점 더 많은 일을 할 것입니다."""	"""이는이 놀라운 배가 오늘날이 될 것입니다. 오늘날 세계에 직면하고있는 문제를 다루는 문제를 다루는 과학을 찾고 내일 점점 더 많은 일을 할 것입니다."""	0.0
155	생명의 색채는 2021년 BBC 2를 통해 방영될 예정이며, 글로벌 판권은 넷플릭스에게 있다고 전해진다.	생명은 2021 년에 BBC 2에서 2 개에서 공기가 예상되는 반면 Netflix는 글로벌 권리를 유지할 것으로 예상됩니다.	생명은 2021 년에 BBC 2에서 2 개에서 공기가 예상되는 반면 Netflix는 글로벌 권리를 유지할 것으로 예상됩니다.	0.0
156	우크라이나 스캔들: 펠로시 의원, 바 장관 “막나간다”; 전 미국 관료들에 대한 재조사	우크라이나 스캔들 : Pelosi는 'Rogue'라고 말합니다. 전 미국 공무원 등 조사	우크라이나 스캔들 : Pelosi는 'Rogue'라고 말합니다. 전 미국 공무원 등 조사	0.0
157	금요일, 낸시 펠로시 하원의장은 윌리엄 바 미 법무장관이 우크라이나 대통령과 의심쩍은 통화 사건으로부터 트럼프 대통령을 보호하기 위해 “막나간다”고 비난했다. 이 사건을 계기로 대통령 탄핵 조사가 진행 중이다.	"하우스 스피커 낸시 펠로시는 미국 변호사 총리 윌리엄 바로 (William Barr) 금요일의 금요일의 ""Rogue""의 논쟁의 지도자와의 논란의 지도자와의 논란 의지력 전화를 통해 논쟁의 여지가있는 전화를 통해 ""Rogue""를 보호합니다."	"하우스 스피커 낸시 펠로시는 미국 변호사 총리 윌리엄 바로 (William Barr) 금요일의 금요일의 ""Rogue""의 논쟁의 지도자와의 논란의 지도자와의 논란 의지력 전화를 통해 논쟁의 여지가있는 전화를 통해 ""Rogue""를 보호합니다."	0.0
158	캘리포니아 민주당원인 낸시 펠로시 의장의 이와 같은 발언은 신원 불명의 한 정보기관 관계자가 미국 정보커뮤니티의 마이클 앳킨슨 감사원장에게 제출한 신고서가 목요일 공개되고 난 뒤의 일이다.	캘리포니아 민주당의 말은 미확인 지능 공무원이 인텔리전스 커뮤니티 검사원 일반 Michael Atkinson에 대한 불만 사항을 제출 한 불만 사항의 ​​발표를 따른다.	캘리포니아 민주당의 말은 미확인 지능 공무원이 인텔리전스 커뮤니티 검사원 일반 Michael Atkinson에 대한 불만 사항을 제출 한 불만 사항의 ​​발표를 따른다.	0.0
159	앳킨슨 원장은 이를 미 국가정보장실의 조셉 맥과이어 국정원장에게 전달했다.	Atkinson은 국가 정보 감독 Joseph Maguire로 전환했습니다.	Atkinson은 국가 정보 감독 Joseph Maguire로 전환했습니다.	0.0
160	바 장관의 이름도 7월 25일 전화통화에서 수차례 언급되었고 트럼프 대통령의 변호사 루돌프 줄리아니도 마찬가지이다.	Barr은 7 월 25 일 전화 통화에서 여러 번 언급되어 있으며, 트럼프 변호사 루돌리아니아입니다.	Barr은 7 월 25 일 전화 통화에서 여러 번 언급되어 있으며, 트럼프 변호사 루돌리아니아입니다.	0.0
161	이 신고서에 따르면, 백악관 관계자들이 너무 우려가 되어 이 통화 기록을 ‘은폐’하려고 했다.	"불만 사항은 백악관 관계자들이 통화 기록을 ""잠금 해제""하려고 시도 할만 큼 충분히 우려되었다고 말했습니다."	"불만 사항은 백악관 관계자들이 통화 기록을 ""잠금 해제""하려고 시도 할만 큼 충분히 우려되었다고 말했습니다."	0.0
162	“[바 장관이] 막나가기 시작했다”라고 펠로시 의장이 금요일 MSNBC에서 말했다.	"""[Barr가있다]가 불량배""라고 Pelosi는 MSNBC 금요일을 말했습니다."	"""[Barr가있다]가 불량배""라고 Pelosi는 MSNBC 금요일을 말했습니다."	0.0
163	“내 생각에 그들은 은폐 사실을 은폐하려는 것 같다.	나는 그들이 어디로 가는지는 표지의 표지 인 것입니다.	나는 그들이 어디로 가는지는 표지의 표지 인 것입니다.	0.0
164	법무부가 그런 식으로 막나가다니 슬픈 일이다.	나는 그것이 슬프다고 생각합니다. 정의 부서가 너무 불량배가되어 있습니다.	나는 그것이 슬프다고 생각합니다. 정의 부서가 너무 불량배가되어 있습니다.	0.0
165	뭐, 한동안은 그래왔다. 근데 이제는 그게 상황을 더욱 악화시키고 있다.”	글쎄, 그들은 잠시 동안 왔습니다. 그리고 이제는 사안을 더욱 악화시킵니다.	글쎄, 그들은 잠시 동안 왔습니다. 그리고 이제는 사안을 더욱 악화시킵니다.	0.0
166	펠로시 의장은 트럼프 대통령이 우크라이나에 군사 지원을 요청했던 사실을 은폐했었다고 시인하자 이번 주에 공식적인 탄핵 조사를 발표했다.	펠로시 (Pelosi)는 트럼프가 우크라이나에 군사 원조를 보류 한 후에 공식 탄핵 수사를 발표했다.	펠로시 (Pelosi)는 트럼프가 우크라이나에 군사 원조를 보류 한 후에 공식 탄핵 수사를 발표했다.	0.0
167	결과적으로 우크라이나의 지원은 받았었지만, 하원 민주당원들이 알고 싶어하는 것은 그 군사적 지원과 트럼프가 당시 5년간 한 우크라이나 가스 회사에서 근무 중이던 헌터 바이든에 대한 조사를 젤렌스키 대통령에게 의뢰한 사건 사이의 연관성이다.	이 원조는 궁극적으로 부여되었지만 하우스 민주당은 Zelensky를 5 년 동안 우크라이나 가스 회사에서 일하는 사냥꾼 Biden을 조사하기 위해 Zelensky를 요구하는지 여부를 알고 싶어합니다.	이 원조는 궁극적으로 부여되었지만 하우스 민주당은 Zelensky를 5 년 동안 우크라이나 가스 회사에서 일하는 사냥꾼 Biden을 조사하기 위해 Zelensky를 요구하는지 여부를 알고 싶어합니다.	0.0
168	또한 금요일에는 300명에 달하는 전직 미국 대외 정책 및 국가안보 관계자들이 탄핵 조사를 지지하는 서한에 서명했다.	또한 금요일, 거의 300 명의 전 미국 외교 정책과 국가 안보 공무원이 탄핵 조사를 지원하는 서한에 서명했다.	또한 금요일, 거의 300 명의 전 미국 외교 정책과 국가 안보 공무원이 탄핵 조사를 지원하는 서한에 서명했다.	0.0
169	"이 집단은 트럼프의 행위가 심각한 국가안보 문제""라고 말했다."	"연합성은 트럼프의 행동이 ""심오한 국가 안보 문제""를 구성한다고 말했다."	"연합성은 트럼프의 행동이 ""심오한 국가 안보 문제""를 구성한다고 말했다."	0.0
170	"이 서한에는 ""우리가 이 중요한 길을 걷을 수 있게 해준 펠로시 의장을 비롯한 하원의원들에게 찬사를 보낸다""라고 적혀 있다."	"""우리는 필요한 경로를 우리를 시작한 연사 펠로시 (Pelosi)를 포함하여 회원들의 회원들에게 박수를 보냈다."	"""우리는 필요한 경로를 우리를 시작한 연사 펠로시 (Pelosi)를 포함하여 회원들의 회원들에게 박수를 보냈다."	0.0
171	트럼프 대통령은 미국 최고 지위인 대통령으로써의 권력과 자원을 이용하여 우리나라의 민주적인 절차에 외세가 개입하게 했다.	트럼프 대통령은 땅에서 가장 높은 사무실의 권위와 자원을 활용하여 민주적 과정에 추가적인 외국 간섭을 초래 한 것으로 보입니다.	트럼프 대통령은 땅에서 가장 높은 사무실의 권위와 자원을 활용하여 민주적 과정에 추가적인 외국 간섭을 초래 한 것으로 보입니다.	0.0
172	이는 몰지각한 권력 남용이다.”	그건 힘의 불확실한 남용을 구성 할 것입니다.	"그것은 힘의 불능의 남용을 구성 할 것입니다. """	0.375
173	또한 이는 대통령 개인의 정치적 이익 때문에 미국의 (그리고 우리와 가장 가까운 동맹국들 및 파트너 국가들의) 국익을 경시하려는 행위이다.”	"""그것은 또한 미국의 국가 이익과 우리의 가장 가까운 동맹국과 파트너의 사람들을 대통령의 개인적인 정치적 이익을 위해 노력할 것입니다."""	"""그것은 또한 미국의 국가 이익과 우리의 가장 가까운 동맹국과 파트너의 사람들을 대통령의 개인적인 정치적 이익을 위해 노력할 것입니다."""	0.0
174	트럼프 대통령은 당시 전화통화에 부적절한 부분은 없었다며 부인했다.	트럼프는 전화 통화에 부적절한 흥미가 있음을 거부했습니다.	트럼프는 전화 통화에 부적절한 흥미가 있음을 거부했습니다.	0.0
175	그리고 금요일, 그는 이 신고서를 맹렬히 비판하면서 젤렌스키 대통령과 통화하며 “완벽한 대화”를 했다고 거듭 밝혔다.	"금요일, 그는 신청인을 비난했고 Zelensky와의 전화가 ""완벽한 대화""라고 말했습니다."	"금요일, 그는 신청인을 비난했고 Zelensky와의 전화가 ""완벽한 대화""라고 말했습니다."	0.0
176	“소위 내부 고발자라는 자가 점점 더 내부 고발자가 전혀 아닌 것 같다”라고 그는 트위터에 올렸다.	"""소위 휘파람 송풍기가 점점 더 많이 들리고 휘파람 송풍기가 전혀 휘젓는 것이 아닙니다.""그는 Tweeted."	"""소위 휘파람 송풍기가 점점 더 많이 들리고 휘파람 송풍기가 전혀 휘젓는 것이 아닙니다.""그는 Tweeted."	0.0
177	“게다가 전부 간접적으로 얻은 그의 정보가 불명확한 것으로 드러나고 있어서 그/그녀에게 정보를 제공하는 기밀 누설자나 스파이가 배후에 있는 게 아닌가?	또한, 다른 누군가가 없을 수도 있고, 누출이나 스파이가 그 또는 그녀에게 먹이를주지 못했던 모든 간접적 인 정보는 무엇인가?	"""또한 다른 누군가가 없었던 누군가가 없었던 누군가 또는 스파이가 없을 수도있는 모든 간접적 인 정보가 그 또는 그녀에게 먹이를주지 못했습니다."	0.55
178	혹은 정치 공작원?”	당파 수술 가능?	"당파인 수술 가능? """	0.5
179	내부 고발자의 신고서에 따르면, 마이크 펜스 부통령도 우크라이나 지도자들과 교류가 있었으며 그가 이번 달 초에 폴란드에서 젤렌스키 대통령을 만났다.	마이크 펜스 부통령은 우크라이나 지도자들과 상호 작용했으며 휘파람 송풍기 불만을 보여줍니다. 이번 달 이전 폴란드에서 Zelensky로 만났습니다.	마이크 펜스 부통령은 우크라이나 지도자들과 상호 작용했으며 휘파람 송풍기 불만을 보여줍니다. 이번 달 이전 폴란드에서 Zelensky로 만났습니다.	0.0
180	조 바이든이나 헌터 바이든에 대한 논의는 없었다고 그는 말했다.	그는 Joe Biden이나 Hunter Biden이 논의되지 않았다고 말했습니다.	그는 Joe Biden이나 Hunter Biden이 논의되지 않았다고 말했습니다.	0.0
181	스코틀랜드 학생 3명, 유럽 최우수 학생에 선정돼	유럽 ​​최고로 선정된 스코틀랜드 학생 3명	유럽 ​​최고의 스코틀랜드 학생들은 유럽 최고의 학생들이었습니다	0.8571
182	던디대학교 학생 3명이 유럽 지역 최우수 졸업생에 선정되었다.	던디 대학교(University of Dundee) 학생 3명이 유럽 최고의 졸업생으로 지역 수상자로 선정되었습니다.	3 명의 대학생 학생들은 지역 우승자들이 유럽 최고 졸업생으로 지명되었습니다.	1.0
183	이 던디대학교 학생들은 2019년 글로벌 대학생 어워드에서 유럽의 각 분야별 최우수 졸업생으로 선정되었고, 동 대학교의 다른 5명의 학생들은 심사위원단의 찬사를 받았다.	던디 대학교 학생들은 2019년 글로벌 학부 시상식에서 유럽 각 분야의 최고 졸업생으로 선정되었으며, 같은 대학교의 다른 5명의 학생들이 심사위원들의 찬사를 받았습니다.	던디 학생 대학 (University of Dundee) 학생들은 2019 년 글로벌 학부상의 유럽의 각 분야에서 최고 졸업생으로 지명되었으며, 같은 대학교의 5 명의 다른 학생들이 심사 위원이 칭찬을 받았는 것입니다.	0.7143
184	분자유전학과를 졸업한 스콧 셸드릭은 생명과학 분야에서 유럽 최고상을 수상했고, 정신간호학 석사 과정의 체스터 콘포드는 간호, 조산 및 응용보건학 분야, 롤라 닙은 시각 예술 분야에서 수상하였다.	분자 유전학을 졸업한 Scott Sheldrick은 유럽 생명 과학 상을, Chester Cornford는 정신 건강 간호 석사를 공부하여 간호, 조산사 및 연합 의료 상을, Lola Knibb는 시각 예술 상을 받았습니다.	Chester Cornford는 생명 과학을 졸업 한 Scott Sheldrick, Chester Cornford는 MSC 정신 건강 간호학을 연구했으며 Lola Knibb는 Visual Arts Award를 수상 했는 동안 간호, 미드 웨이 및 연합 헬스 케어 상을 수상했습니다.	0.8125
185	세 학생 모두 국제대회 결승전까지 진출했지만, 결승전에서 전세계 3,500명의 참가자 중 몇몇과 치열한 경쟁을 벌이다 탈락했다.	세 팀 모두 글로벌 결승에 진출했지만 결승전에서 전 세계 3,500명의 참가자 중 일부와 치열한 경쟁을 펼쳤습니다.	3 명 모두가 글로벌 결승에 이르게했지만, 그들은 전 세계에서 3,500 명의 참가자 중 일부에서 강력한 경쟁으로 최종 경쟁을 잃었습니다.	0.6842
186	던디대학교의 부총장인 블레어 그럽 교수는 “여기에 오기까지 본교 학생들과 졸업생들이 전세계 일류 대학교 학생들과 경쟁했다”라고 말했다.	University의 교감(교육)인 Blair Grubb 교수는 다음과 같이 말했습니다.	"대학의 Blair Grubb 교수는 ""이 단계에 도착하는 것은""우리 학생들과 졸업생들이 세계 최고 대학의 일부에 참석하는 동료들과 경쟁을 직면했습니다. """	0.8947
187	“글로벌 대학생 어워드에서는 전세계 수천 명의 학생들이 치열하게 경쟁한다. 이 시상식은 본교 학생들의 자질과 그들이 받는 교육의 수준을 잘 반영하고 있다. 수상자들 중 우리 던디대학교가 아주 큰 비율을 차지한다.”	"""Undergraduate Awards는 전 세계 수천 명의 학생들이 치열한 경쟁을 펼치고 있으며, 이는 우리 학생들의 자질과 그들이 받는 교육을 잘 반영한 것이므로 Dundee는 수상자들 사이에서 매우 강력하게 대표됩니다."	"""학부상은 전 세계의 수천 명의 학생들이 엄청나게 경쟁하며 학생들의 품질과 그들이받는 교육은 던디가 상을 수상자들 사이에서 매우 강하게 대표하는 교육입니다."""	1.0
188	“이렇게 훌륭한 성과를 이뤄낸 스콧, 체스터, 롤라 학생에게 진심으로 축하의 말을 전하고, 높은 찬사를 받은 던디대학교 대표 학생들도 축하한다.”	"""나는 이 환상적인 업적에 대해 Scott, Chester, Lola에게 큰 찬사를 보낸 다른 Dundee 대표자들과 함께 따뜻한 축하를 전하고 싶습니다."""	"""나는 스콧, 체스터와 롤라를이 환상적인 성과에 따라 스콧, 체스터와 롤라에게 제공하고, 고도로 헌신 한 다른 던디 대표들과 함께,"""	1.0
189	다른 다섯 명의 학생들은 대학생 글로벌리더 어워즈 프로그램에서 찬사를 받았다. 이 프로그램은 재학생들이 각국의 청중들과 공유하기 위해 수행한 연구 업적을 인정 받는 자리이다.	또 다른 5명의 학생은 세계 최고의 학부 상 프로그램에서 표창을 받았으며, 이 프로그램은 학부생이 이를 전 세계 청중과 공유하기 위해 완료한 최고의 작업을 인정합니다.	또 다른 5 명의 학생들은 학부생이 완성한 최고의 작업을 인정하여 글로벌 청중과 공유하는 최고의 작업을 인정하는 것입니다.	1.1765
190	찬사를 받은 다섯 명의 학생은 생명과학과의 니콜라스 갤러거, 제임스 오스본, 약학과의 페렌츠 코스케 이시카와 구타이, 해부학과의 케이틀린 스캇, 철학과의 와코 요코야마이다.	5명의 칭찬받은 학생에는 Nicholas Gallagher와 James Osbourne(둘 다 생명 과학), Ferenc Kohsuke Ishikawa Gutai(의학), Caitlyn Scott(해부 과학) 및 Waco Yokoyama(철학)가 포함되었습니다.	5 명의 칭찬 학생들이 니콜라스 갤러거와 제임스 오스본 (생명 과학), Ferenc Kohsuke Ishikawa Gutai (의약), Caitlyn Scott (해부학 과학) 및 와코 요코야마 (철학)였습니다.	0.6957
191	더 나아가 이 어워즈에서는 최고 학부 과정을 격려하고 전세계 재학생과 최근 졸업생들 간의 협력을 장려한다.	이 대회는 또한 최고의 학부 과정을 기념하고 전 세계의 학생과 최근 졸업생 간의 협력을 창출하는 데 도움이 됩니다.	경쟁은 최고 학부 과정을 기념하고 전 세계적으로 학생들과 최근 졸업생 간의 협력을 창출하는 데 도움이됩니다.	0.5333
192	토마스 쿡 연금 이사회, 지불금 회수 협상 중	Thomas Cook 연금 수탁자는 지불금을 회수하기 위해 거래를 계획합니다.	Thomas Cook Pensionees Plot Travage Payouts에 대한 플롯	0.875
193	토마스 쿡의 연금 기금 문제로 토마스 쿡과 여러 전문 보험사 사이에서 파산한 이 여행사로부터 퇴직 급여를 회수하기 위한 협상이 열렸다.	Thomas Cook의 연기금이 무너진 여행 그룹의 퇴직 계획 혜택을 구제하기 위한 거래에 대해 전문 보험사와 협상을 시작했습니다.	Thomas Cook의 연금 기금은 붕괴 된 여행 그룹의 퇴직 계획 혜택을 구제하는 데 거래에 대한 전문 보험사와의 회담을 시작했습니다.	0.4737
194	스카이뉴스 보도에 따르면, 스티브 서던 이사회 회장이 수령액이 대폭 삭감된 14,000명의 토마스 쿡 연금 상품 가입자들을 구제하는 거래 매수안을 두고 여러 당사자들과 협상을 벌이고 있다.	Sky News는 이사회 의장인 Steve Southern이 Thomas Cook의 14,000명의 연금 계획 회원 대부분이 지불금이 급격히 삭감되는 것을 피할 수 있는 매수 거래에 대해 여러 당사자와 논의하고 있음을 알게 되었습니다.	스카이 뉴스는 스티브 남부의 의장이 Thomas Cook의 14,000 명의 연금 제도 회원들이 가파른 절단에 직면하는 대부분의 Thomas Cook의 14,000 명의 연금 제도를 피할 수있는 사무 아웃 거래에 관한 여러 당사자와 회담을 맺고 있다는 것을 알게되었습니다.	0.8286
195	어떤 보험사와 협상하더라도 지불금은 연금기금이 연금보호기금(PPF) 구제기금으로 양도되면서 생기는 10%보다 더 삭감될 가능성은 없다.	보험사와의 모든 거래는 연금 제도가 PPF(연금 보호 기금) 구명 보트로 이전되면서 촉발된 10%보다 더 완만한 지불금 삭감을 수반할 것입니다.	보험사와의 모든 거래는 연금 방지 기금 (PPF) 구명정으로 연금 방지 펀드 (PPF) 구명정으로 옮겨지는 10 %보다 훨씬 겸손한 절단을 포함 할 것입니다.	0.7727
196	해당 논의는 아직 너무 초기 단계이고, (성사되더라도) 토마스 쿡 기금이 연금보호기금의 평가를 거칠 때까지는 계약이 체결되지 않을 것이다.	논의는 매우 초기 단계에 있으며 - 성공하더라도 - Thomas Cook 계획이 PPF의 평가를 통과할 때까지 거래로 이어지지 않을 것입니다.	토론은 매우 예비적인 단계에 있으며, 성공한 경우에도 Thomas Cook Schemes가 PPF의 평가를 통해 이루어질 때까지 거래를 초래할 수 없습니다.	0.6842
197	토마스 쿡 간부들이 파산 원인 규명 조사를 앞두고 있다.	토마스 쿡 사장, 붕괴 원인 조사에 직면	Thomas Cook 보스가 붕괴 된 것으로 인도하는 것에 대한 조사를 직면합니다.	0.9091
198	그게 최대 2년까지 걸릴 수 있고, 만약 기금이 양도된다 하더라도 연금보호기금이 향후 연금수령자 약 1만 명의 수령액을 10% 삭감할 것이다.	그 기간은 최대 2년이 걸릴 수 있으며, 제도가 PPF에 진입하면 약 10,000명의 미래 연금 수급자가 지불금을 10% 삭감하게 될 것입니다.	그 기간은 최대 2 년이 걸릴 수 있으며, 계획이 PPF에 들어가는 경우 대략 10,000 명의 미래의 연금 수급자가 10 %까지 절단됩니다.	0.619
199	소식통에 따르면, 다수의 연금 위험전가 전문가들뿐 아니라 신설합병 ‘슈퍼펀드’ 투자기구 중 한 곳도 토마스 쿡 이사회와 이 사안을 협상 중이다.	"소식통에 따르면 다수의 연금 위험 이전 전문가와 새로운 ""수퍼펀드"" 통합 수단 중 하나 이상이 Thomas Cook의 이사와 거래에 대해 논의 중이라고 합니다."	"소식통은 많은 연금 위험 이체 전문가뿐만 아니라 새로운 ""Superfund""통합 차량 중 적어도 하나가 거래에 관한 Thomas Cook의 관리위원회와의 대화를 겪었습니다."	0.85
200	가입자들의 급여를 보장하기 위해 이사회가 노력을 기울이고 있다는 소식이 있기 사흘 전, 영국에서 가장 오래된 여행사인 토마스 쿡의 거래가 중단되어 여행객의 국제 송환 프로그램이 도입되고 수천 명이 일자리를 잃었다.	회원의 혜택을 확보하기 위한 수탁자들의 노력에 대한 소식은 영국에서 가장 오래된 여행사가 무역을 중단하고 국제 송환 프로그램을 촉발하고 수천 명의 실직을 촉발한 지 나흘 만에 나온 것입니다.	수탁자의 혜택을 보장하려는 수탁자의 뉴스는 영국의 가장 오래된 투어 운영자가 거래를 중단하고 국제 송환 프로그램을 촉발시키고 수천의 일자리 손실을 유발 한 후 4 일 후에옵니다.	0.84
201	토마스 쿡의 몰락은 지급 불능 사태로 이어지면서 거센 비난이 일었고, 모든 이사진과 정부 각료들, 감사원들은 파산이 있기 수개월 전 자신들의 행동에 대한 해명을 요구 받았다.	Thomas Cook의 파산 위기는 이사회 구성원, 정부 장관 및 감사인 모두가 파산하기 몇 달 전에 자신의 행동을 설명하라는 요구에 직면하면서 쓰라린 비난 게임을 촉발했습니다.	토마스 요리사의 파산에 대한 토마스 요리사는 이사회 회원, 정부 장관 및 감사원이 모두 붕괴되기 전 개월 만에 그들의 행동을 설명하기위한 요구에 직면 한 쓴 비난 게임을 촉발 시켰습니다.	0.7143
202	토마스 쿡의 4대 연금 제도는 최근 수치에 따르면 PPF 기준으로 1억 파운드의 흑자를 기록하며 충분한 자금을 바탕으로 한다.	최근 수치에 따르면 회사의 4개 연금 계획은 PPF 기준으로 1억 파운드의 잉여금으로 자금이 충분합니다.	이 회사의 4 개의 연금 제도는 최신 인물에 따라 PPF 기준으로 £ 100m 잉여금을 갖추고 있습니다.	0.875
203	이를 합하면 이 회사의 자산 가치는 약 15억 파운드이다.	전체적으로 그들은 약 15억 파운드 상당의 자산을 보유하고 있습니다.	집합 적으로, 그들은 £ 1.5 억 파운드의 자산을 개최합니다.	0.8889
204	그러나 스카이뉴스가 지난달 보도한 바에 따르면, 이사회가 토마스 쿡이 제안한 구제 협상보다 더 나은 조건을 요구하면서 거래 성사가 쉽지 않아졌다.	그러나 지난달 Sky News에서 밝혔듯이 Thomas Cook이 제안한 구제 거래에서 더 나은 조건을 요구하는 수탁자들의 요구는 거래를 성사시키려는 노력을 더욱 복잡하게 만들었습니다.	그러나 지난 달에 스카이 뉴스가 밝혀진 것처럼 Thomas Cook의 제안 된 구조 거래에서 더 나은 조건에 대한 요구 사항은 거래를 통한 거래를 얻으려는 노력에 대한 추가 합병증을 추가했습니다.	0.7857
205	토마스 쿡의 청산으로 178년의 탄탄한 사업은 막을 내렸고, 이에 따라 토마스 쿡은 정부 산하의 회계 감시 기관이자 영향력 있는 의회 위원회인 파산관리청의 조사를 받게 되었다.	Thomas Cook의 청산은 178년 간의 용제 거래에 종지부를 찍었고, 정부의 파산 서비스, 회계 감시 기관 및 영향력 있는 MP 위원회의 조사가 시작되었습니다.	Thomas Cook의 청산은 178 년의 솔벤트 거래를 끝내고 정부의 파괴 서비스, 회계 워치 독 및 MPS의 영향력위원회의 문의를 촉구합니다.	0.7895
206	정부 각료들은 위기를 해결하기 위해 대책본부를 꾸렸고, 지급불능 상태 이후 자산 매각을 통해 채권단에게 쥐꼬리만한 수익이 돌아갔다.	장관들은 위기를 해결하기 위해 태스크포스를 설립했으며, 이로 인해 채권자들은 파산 후 자산 매각으로 인한 수익이 거의 발생하지 않았습니다.	장관들은 자산 사후의 자산 판매로부터 빈약 한 채권자가 돌아 오는 채권자가 남아있는 위기를 해결하기 위해 태스크 포스를 설립했습니다.	0.8333
207	지금까지도 출국한 토마스 쿡의 영국 국적 고객 중 절반 이상이 귀국하지 못했다.	현재까지 Thomas Cook의 해외 영국 고객 중 절반 미만이 비행기를 타고 귀국했습니다.	지금까지 Thomas Cook의 해외 영국 고객의 절반이 밖에 없었습니다.	0.8889
208	토마스 쿡은 정부에 2억 파운드의 긴급 자금의 규모를 줄여달라는 최후의 제안을 하고 몇 시간 안 돼 붕괴되었다.	파산은 Thomas Cook이 2억 파운드의 자금 수요를 줄이도록 대출 기관에 최후의 탄원서를 보낸 지 몇 시간 만에 발생했습니다.	Thomas Cook은 200m 자금 조달 수요를 줄이기 위해 렌더스에게 Lenders를 발행 한 후 그 붕괴가 왔습니다.	1.0
209	토마스 쿡의 무엇이 그렇게 잘못됐던 것일까?	Thomas Cook에게 무엇이 그렇게 잘못 되었습니까?	토마스 요리사에게는 그렇게 잘못 되었습니까?	0.6
210	일요일 저녁 소득 없이 끝난 협상은 반년간 15억 파운드를 잃고 거래가 악화된 후 신규 자금 10억 파운드 이상을 구해야 했던 한 회사에게 있어 절실한 최후의 순간이었다.	일요일 저녁에 거래 없이 끝난 회담은 반년 동안 15억 파운드의 손실과 거래 악화로 인해 10억 파운드 이상의 새로운 자금을 조달해야 했던 회사에게 미친듯이 마지막 주사위를 던졌습니다.	일요일 저녁에 거래가 없었지 않은 회담은 £ 15 억달의 반파 손실과 거래를 악화시키는 새로운 자금 조달에 1 억 파운드 이상을 추구해야만하는 회사의 광란의 마지막 던지를 대표했습니다.	0.8077
211	토마스 쿡은 1841년 한 32세 청년에 의해 설립되었다. 가구공이자 침례교 목사였던 그는 단돈 1실링으로 레스터에서 러프버러를 여행하는 당일 철도 여행 상품을 팔기 시작했다.	Thomas Cook은 1841년에 32세의 캐비닛 제작자이자 전 침례교 목사에 의해 설립되었습니다. 그는 레스터에서 러프버러까지 1실링의 기차 여행을 제공하기 시작했습니다.	Thomas Cook은 1841 년에 Leicester에서 실링을 위해 Loughborough 로의 1 일간의 레일 여행을 제공하기 시작한 32 세의 캐비닛 메이커와 전세 획득자 설교자가 1841 년에 설립되었습니다.	0.88
212	그 후, 회사는 세계 최대 규모의 여행업체로 성장했고, 3년 전 설립 175주년을 기념했다.	그로부터 3년 전 창립 175주년을 맞이하여 세계 최대의 휴가 회사 중 하나로 성장했습니다.	거기에서 3 년 전에 175 주년을 기념하여 세계 최대의 휴일 회사 중 하나가되었습니다.	0.7692
213	연금보호기금 대변인에 따르면, “토마스 쿡의 청산과 같은 지급불능 사태에 대비해 연금보호기금이 설립된 것이다.”	"PPF 대변인은 ""토마스 쿡의 청산과 같은 지급불능 사건이 바로 PPF가 설립된 이유""라고 말했다."	"PPF 대변인은 ""토마스 요리사의 청산과 같은 파산 이벤트가 PPF가 설정된 이유는 정확히 있습니다."""	0.6154
214	“우리는 확정 급여형 연금제도에 가입한 고객의 금융 선물을 보호하기 위해 존재하며, 그들은 우리가 보호한다는 사실에 안심해도 된다.”	"""우리는 확정 급여 연금 제도에 속한 회원들의 재정적 미래를 보호하기 위해 여기에 있으며 우리가 그들을 보호하기 위해 여기 있다는 것을 알고 위안을 받아야 합니다."""	"""우리는 정의 된 혜택 연금 제도에 소속 된 회원들의 금융 선물을 보호하기 위해 여기에 있으며, 우리가 그들을 보호하기 위해 우리가 여기에있는 것을 알고있는 위로를 가져 가야합니다."""	0.5385
215	토마스 쿡의 연금 이사회 대변인은 금요일 언급을 거부했다.	Thomas Cook의 연금 수탁자 대변인은 금요일에 논평을 거부했습니다.	Thomas Cook의 연금 수탁자를위한 대변인은 금요일에 댓글을 달았습니다.	0.375
216	더 후, 지난밤 콘서트 중단해: 금요일, 일요일 공연 모두 취소	기후에 대한 행동을 요구하기 위해 행진하는 전 세계 학교 파업	세계 전세계의 학교 스트라이커 기후에 대한 조치를 요구하는 행진	1.0
217	록계의 전설적인 밴드 더 후가 대규모 미국 투어 중이다.	어제 밤 Who STOP 콘서트: 금요일과 일요일은 CANCELED를 보여줍니다.	어젯밤 콘서트를 멈추는 사람 : 금요일과 일요일 쇼가 취소되었습니다.	0.8889
218	로저 돌트리는 텍사스 휴스턴에서 열린 콘서트를 절반도 하지 않고 도중에 취소해야 했다.	록의 전설 The Who가 미국 주요 투어를 하고 있습니다.	록 전설은 누가 주요 미국 여행에 있습니다.	1.0
219	향년 75세인 그는 실망한 관중에게 이렇게 말했다. “할 수 있을 때 그만둬야겠다.”	텍사스주 휴스턴에서 로저 달트리는 공연을 반도 채 안 되어 취소해야 했다.	텍사스의 휴스턴에서 Roger Daltrey는 중간보다 적은 콘서트를 끊을 수있었습니다.	1.1111
220	이 밴드는 이미 8곡이나 연주했지만 나중에 다른 공연으로 돌아올 수 있도록 노력하겠다고 약속했다.	"75세의 그는 실망한 청중에게 ""내가 앞서 있는 동안 그만둬야 한다고 생각합니다.""라고 말했습니다."	"75 세의 노인들은 실망한 관객에게 ""내가 앞으로 나아가는 동안 나는 그만둬야한다고 생각합니다."""	0.8333
221	무대에서 이 모든 일이 어떻게 벌어졌는지는 영상을 통해 확인할 수 있다.	밴드는 이미 8곡을 연주했지만 언젠가는 다른 공연을 위해 노력하고 돌아올 것을 약속했습니다.	밴드는 이미 8 곡을 수행했지만 미래에 언젠가 다른 쇼 쇼를 위해 노력하고 반환 할 것을 약속했습니다.	0.5625
222	돌트리는 대표적인 1982년 트랙인 에미넌스 프론트를 연주한 후 공연 중단을 요청했다.	무대에서 모든 것이 어떻게 전개되었는지 비디오를보십시오.	무대에서 어떻게 전개되는지에 대한 비디오를보십시오.	0.8
223	그는 성대에 이상이 생겨 문제를 겪고 있었고 주치의의 엄격한 주의를 받은 상태였다.	1982년 클래식 트랙 Eminence Front를 연주한 후 Daltrey는 그만뒀습니다.	클래식 1982 년 트랙 프론트를 재생 한 후 Daltrey는 그만 둔다고 불렀습니다.	0.75
224	영국의 스타인 돌트리는 관중들에게 공연을 계속할 수 없다고 다음과 같이 말했다.	그는 보컬 문제로 어려움을 겪었고 분명히 외과 의사의 엄격한 지시를 받고 있습니다.	그는 보컬 문제로 고생하고 외과 의사의 엄격한 지침을 받았습니다.	0.6667
225	여러분을 위해 공연을 계속하면 내가 다칠 것이다.	영국 스타는 군중에게 쇼를 계속할 수 없다고 말했습니다.	영국 스타는 그가 쇼와 함께 갈 수 없었던 군중들에게 말했다 :	0.7273
226	할 수 있을 때 그만해야겠다…	"""내가 당신을 위해 하는 일을 계속 하면 나 자신을 손상시킬 것입니다."	내가 당신을 위해하고있는 일을하려고 노력하고 있다면 나는 자신을 손상시킬 것입니다.	0.7
227	"지난번에는 결국 한 달 간 병원에 입원했다. 또 가고 싶지 않다. 죄송하다."""	내가 앞서 있는 동안 그만둬야 할 것 같아...	내가 앞으로 내가 그만둬야 할 것 같아.	0.5714
228	"피트 타운젠드는 관중들에게 무슨 일인지 다음과 같이 설명했다. ""돌트리가 더 이상 연주할 수 없는 모양이다… 유감스럽지만”"	"지난번에 한 달 동안 병원에 입원했고 다시는 가지 않을 것입니다. 죄송합니다."""	마지막으로, 나는 한 달 동안 병원에서 끝났고 나는 거기에 다시 가지 않을 것입니다. 죄송합니다.	0.5714
229	더후는 무대를 떠났고 처음에는 로저 없이 나머지 무대를 진행해보겠다고 제안하긴 했었다.	Pet Townshend는 청중에게 무슨 일이 일어나고 있는지 설명했습니다.	"Pete Townshend는 청중에게 무슨 일이 일어나고 있는지 설명했습니다. ""그는 더 이상 할 수없는 것처럼 들리며 두려워합니다 ..."""	0.5882
230	"로저가 돌아오자 타운젠드는 이렇게 말했다. ""정말 정말 죄송하다."	밴드는 원래 로저 없이 나머지 세트를 해결하려고 할 것이라고 제안하면서 무대를 떠났습니다.	밴드는 무대를 떠났습니다. 원래는 Roger가없는 세트의 나머지 부분을 운동하려고 노력할 것이라고 제안합니다.	0.6667
231	로저는 사실 지금 말을 할 수 없는 상태다.”	"그가 돌아왔을 때 Townsend는 ""정말, 정말 죄송합니다."	"그가 돌아 왔을 때, 타운센드는 ""나는 정말로 정말로 미안해."	0.8889
232	“로저가 공연 전에 분명히 병원에 갔었고, 알다시피 투어 내내 존X 노래를 잘했다.	로저는 이제 실제로 말을 할 수 없습니다.	"Roger는 실제로 지금 말할 수 없습니다. """	0.7143
233	어떻게 된 일인지 존X 모르겠다.	"""분명 공연 전에 그는 의사를 만났고 이번 투어를 통해 노래를 정말 잘 불렀습니다."	"""분명히 쇼 앞에서, 그는 의사를 보았고, 당신도 알고 있으며, 그는이 투어를 통해 그렇게 훌륭하게 노래하고 있습니다."	0.75
234	로저는 항상 자기가 하는 일에 최고였다.”	무슨 일이 일어나고 있는지 모르겠습니다.	나는 f ***가 무슨 일이 일어나고 있는지 모른다.	0.5
235	“여러분에게 오늘 밤에 이런 일이 벌어져 정말 죄송하다…	그는 그의 게임의 정상에 있었다.	"그는 그의 게임의 맨 위에 왔습니다. """	0.5714
236	어떤 괜찮은 걸로 공연을 메꾸려는 게 의미가 없는 것 같다. 왜냐하면 이건 로저가 주인공이고 그의 컨디션이 좋지 않기 때문이다.”	"""오늘 밤 이런 일이 일어나서 정말 죄송합니다..."	"""나는 오늘 밤에 너에게 일어난이 일이 정말로 미안해 ..."	0.8889
237	타운젠드(74)가 그간 있었던 에피소드와 자신들이 얼마나 다시 돌아와서 공연에 최선을 다하고 싶은지 설명하자 관중들은 그를 응원하며 매우 협조적인 모습을 보였다.	"이것은 로저의 쇼이고 그의 몸 상태가 좋지 않기 때문에 의미가 있는 것을 조합하려고 하는 것은 별로 의미가 없다고 생각합니다."""	"나는 이것이 로저스의 쇼이기 때문에 어떤 의미가 있기 때문에 어떤 의미가 있기 때문에 어떤 의미가 있기 때문에 어떤 의미가 있는지 생각하지 않으며 좋은 모양이 아닙니다. """	0.8846
238	"타운젠드는 이렇게 말했다. ""가능한한 빨리 공연 날짜를 발표하겠다."	관중들은 74세의 노인이 무슨 일이 있었는지, 그리고 어떻게 밴드가 공연에 대한 그들의 약속을 존중하기 위해 돌아오기를 희망하는지 설명할 때 완전히 지지했습니다.	군중은 완전히지지했고, 74 세의 일이 일어난 일과 밴드가 쇼에 대한 그들의 헌신을 존중하기 위해 어떻게 되돌아 갔는지를 희망하는 것처럼 74 세의 응원했습니다.	0.7273
239	한 가지만 설명하겠다…	"타운센드가 말했다. ""최대한 빨리 복귀 날짜를 공개할 것입니다."	"타운센드는 말했다; ""우리는 가능한 한 빨리 돌아 오는 날짜를 게시 할 것입니다."	0.75
240	우리는 하루 공연하고 하루는 쉰다.	한가지 설명하자면...	한 가지를 설명하겠습니다 ...	1.0
241	"그 이유는 로저의 성대 담당의가 하루는 쉬어야 한다고 했기 때문이다…"""	우리는 하루만 쉬고 있습니다.	우리는 하루 만에 하루 만 일합니다.	0.8333
242	“여러분에게 우리가 꼭 돌아와서 여러분의 티켓이 의미가 있도록 하겠다고 맹세한다.	로저의 성대 외과 의사가 쉬는 날이라고 해서...	"이것은 Roger의 보컬 외과 의사가 하루를 보내고 있다고 주장하기 때문입니다 ... """	0.8333
243	"정말 사랑하고 실망시켜 죄송하다."""	"""장담컨데 우리는 돌아올 것이고 당신의 티켓을 존중할 것입니다."	"""나는 당신에게 우리가 돌아올 것이고 우리는 당신의 티켓을 존중할 것입니다."	0.4
244	공연이 끝난 후 댈러스와 덴버에서 열릴 예정이던 금요일과 일요일 밤 콘서트는 취소되었다.	"많이 사랑하고 실망시켜드려 죄송하다""고 말했다."	"나는 너를 너무 사랑해. 그리고 너를 실망 시켜서 미안해. """	1.0
245	다음 공연은 10월 9일 샌프란시스코에서 열린다.	쇼가 끝난 후 댈러스와 덴버에서 예정된 금요일과 일요일 밤 콘서트는 취소되었습니다.	쇼를 따르면 Dallas와 Denver의 다가오는 금요일과 일요일의 밤 콘서트가 취소되었습니다.	0.8
246	더후는 2020년 3월 16일 맨체스터에서 영국 투어를 시작할 예정이다.	그들의 다음 쇼는 10월 9일 샌프란시스코에서 열립니다.	그들의 다음 쇼는 샌프란시스코에서 10 월 9 일에 있습니다.	0.6667
247	미국 내 사망 사건의 여파로 스코틀랜드, 베이핑 및 전자담배 광고 금지해	밴드는 2020년 3월 16일 맨체스터에서 영국 투어를 시작합니다.	밴드는 맨체스터 N 3 월 16 일 2020 년 3 월 16 일에 영국 투어를 열 것입니다.	0.8235
248	정부 부처에서 전자담배 및 베이핑에 대한 광고 금지를 고려하고 있다.	미국 사망자는 스코틀랜드 금지가 vaping 및 전자 담배 광고에 이어질 수 있습니다.	미국 사망자는 스코틀랜드 금지가 vaping 및 전자 담배 광고에 이어질 수 있습니다.	0.0
249	여당 대표는 해당 조치에 대한 논의가 “향후 수개월” 내에 진행될 것이라 밝혔다.	전자 담배 및 vaping 제품에 대한 광고 금지는 장관이 고려하고 있습니다.	전자 담배 및 vaping 제품에 대한 광고 금지는 장관이 고려하고 있습니다.	0.0
250	니컬라 스터전 대표는 이 제품들의 판매 추이에 대한 정보가 입수되면 스코틀랜드 정부가 “망설임 없이” 행동할 것이라고 말했다.	"첫 번째 장관은 ""앞으로의 개월""에서 움직임에 대한 상담이 일어날 것이라는 것을 확인했습니다."	"첫 번째 장관은 ""앞으로의 개월""에서 움직임에 대한 상담이 일어날 것이라는 것을 확인했습니다."	0.0
251	이와 같은 조치는 베이핑 관련 질환으로 인한 사망자가 2명 추가 발생하여 총 11명의 사망자가 발생했기 때문이다.	"니콜라 철갑 상어론은 증거가 그러한 제품의 판매를 통해 더 많은 움직임을 지원한다면 그녀의 정부는 ""주저하지 않겠다""라고 말합니다."	"니콜라 철갑 상어론은 증거가 그러한 제품의 판매를 통해 더 많은 움직임을 지원한다면 그녀의 정부는 ""주저하지 않겠다""라고 말합니다."	0.0
252	베이핑은 보통 니코틴, 물, 용제 및 향을 섞은 혼합물을 흡입하는 행위로, 금연을 도와주는 흡연 대체품으로 여겨지고 있으나 그 안전성이 완전히 확인되지는 않았다.	그것은 vaping 관련 질병이 두 명의 삶을 보장했고, 총 사망자를 11로 가져 오는 것이 었습니다.	그것은 vaping 관련 질병이 두 명의 삶을 보장했고, 총 사망자를 11로 가져 오는 것이 었습니다.	0.0
253	그러나 미국의 경우, 전자담배를 피운 후 원인을 알 수 없는 폐질환을 앓고 있는 사람의 수가 500명을 넘고 있다.	일반적으로 니코틴, 물, 용제 및 맛으로 만들어진 믹스를 흡입하는 것이 포함 된 vaping은 흡연에 도움이되는 대안으로 볼 수 있지만 그 안전은 여전히 ​​완전히 알려져 있지 않습니다.	일반적으로 니코틴, 물, 용제 및 맛으로 만들어진 믹스를 흡입하는 것이 포함 된 vaping은 흡연에 도움이되는 대안으로 볼 수 있지만 그 안전은 여전히 ​​완전히 알려져 있지 않습니다.	0.0
254	미 당국에서는 지난주에만 수백 건의 추가 사례가 보고되었다고 말했다.	그러나 미국에서는 흡연 전자 담배 후에 500 명이 넘는 사람들이 신비한 폐 질환으로 아프다고 알려져 있습니다.	그러나 미국에서는 흡연 전자 담배 후에 500 명이 넘는 사람들이 신비한 폐 질환으로 아프다고 알려져 있습니다.	0.0
255	지난 화요일과 수요일, 플로리다주와 조지아주에서 각각 최초 사망자가 발표되었다.	당국자들은 지난 주에 수백 가지의 추가 사례가 단독으로보고되었다고 말했다.	당국자들은 지난 주에 수백 가지의 추가 사례가 단독으로보고되었다고 말했다.	0.0
256	현재 미국 내에서 발병 사례가 기록된 곳은 38개 주로, 그 중 8개 주에서 사망자가 발생했다.	플로리다와 조지아의 첫 번째 사망은 화요일과 수요일에 발표되었습니다.	플로리다와 조지아의 첫 번째 사망은 화요일과 수요일에 발표되었습니다.	0.0
257	대부분의 환자들이 대마초에 들어 있는 향정신성 화합물인 THC가 함유된 제품을 사용한 이력이 있다고 밝혔으나, 지난 수요일 조지아주에서 사망한 환자의 경우에는 ‘과도한 니코틴 베이핑’ 이력만 보고되었다.	현재 38 명의 주정부는 질병의 사례를 기록하고 8 개 주에서 잃어버린 것입니다.	현재 38 명의 주정부는 질병의 사례를 기록하고 8 개 주에서 잃어버린 것입니다.	0.0
258	미국 질병통제예방센터에서는 현재 100여 명의 담당자들이 정체불명의 이 질환의 원인을 조사하고 있으며, 시민들에게 더 많은 사실이 밝혀질 때까지 전자담배 제품, 특히 변형 제품이나 “길거리에서 구입한” 제품의 사용을 삼가라고 경고했다.	"대부분의 환자는 THC가 들어있는 제품을 사용한 역사를보고했지만, 수요일에 조지아에서 사망 한 환자는 ""무거운 니코틴 vaping""만보 고 한 대마초에있는 환자를보고했습니다."	"대부분의 환자는 THC가 들어있는 제품을 사용한 역사를보고했지만, 수요일에 조지아에서 사망 한 환자는 ""무거운 니코틴 vaping""만보 고 한 대마초에있는 환자를보고했습니다."	0.0
259	여당 대표는 베이핑 관련 사망 사고 이후 스코틀랜드 정부가 미국 및 타국의 진행 상황을 “면밀히” 모니터링하고 있다고 밝혔다.	"질병 통제 및 예방 센터 (CDC)는 수수께끼 질환의 원인을 조사한 100 명이 넘는 관리가 있으며, 특히 수정되거나 구입 한 경우 ""거리에서 구입 한 경우"""	"질병 통제 및 예방 센터 (CDC)는 수수께끼 질환의 원인을 조사한 100 명이 넘는 관리가 있으며, 특히 수정되거나 구입 한 경우 ""거리에서 구입 한 경우"""	0.0
260	그녀는 유럽 내에서는 아직까지 베이핑으로 인한 사망 사건은 보고된 바 없다는 사실을 지적했다.	"첫 번째 장관은 스코틀랜드 정부가 우리와 다른 곳에서 모니터리가있는 것으로 확인되었으며, ""Vaping에 기인 한 삶의 상실에 따라""가깝게 ""면밀히""가깝게되었습니다."	"첫 번째 장관은 스코틀랜드 정부가 미국과 다른 곳에서 개발을 모니터링하고있다. ""Vaping에 기인 한 삶의 상실에 따라""가깝게 ""가깝게""가깝게 """	0.3333
261	"우리의 접근 방식은 미연의 방지하는 것이고, 그게 바로 스코틀랜드가 이전부터 유럽에서 베이퍼를 가장 엄격하게 규제하고 있는 이유이다""라고 그녀는 말했다."	그녀는 데이트 할 것이라고 지적했다. 그들은 유럽에서보고되는 vaping에 기인 한 사망자의 사례를 보지 못했다는 것을 지적했다.	그녀는 데이트 할 것이라고 지적했다. 그들은 유럽에서보고되는 vaping에 기인 한 사망자의 사례를 보지 못했다는 것을 지적했다.	0.0
262	담배에 대한 유럽의 지침에 따르면, 전자담배 광고가 제한되어 있고, 액상 전자담배에 유해성이 알려진 성분을 첨가할 수 없다.”	"""우리의 접근 방식은 사전 예방 적이였습니다. 이는 스코틀랜드는 이미 증기 제품으로 유럽에서 가장 엄격한 규제적인 접근 방식을 이미 취한 이유입니다.""라고 그녀는 말했습니다."	"""우리의 접근 방식은 사전 예방 적이였습니다. 이는 스코틀랜드는 이미 증기 제품으로 유럽에서 가장 엄격한 규제적인 접근 방식을 이미 취한 이유입니다.""라고 그녀는 말했습니다."	0.0
263	“또한, 이에 따르면 액상 전자담배 내 니코틴 농도도 제한되어 있다.”	"""유럽의 담배 제품 지침은 전자 담배의 광고를 제한하고 E- 액체가 유해한 것으로 알려진 성분을 함유 할 수 없도록합니다."	"""유럽의 담배 제품 지침은 전자 담배의 광고를 제한하고 E- 액체가 해로운 것으로 알려진 성분을 함유 할 수 없도록합니다."""	0.1111
264	“우리 스코틀랜드는 소매 등록 제도 및 의무적 나이 인증 제도를 도입했으며, 모든 의회 구역 내 위치한 거래 규정을 관리하는 부서들을 재정적으로 지원하여 소매점들이 규정을 준수하는지 관리하고 있다.”	"""지침은 또한 e- 액체의 니코틴의 농도를 제한합니다."	"""지침은 또한 e-liquids의 니코틴의 농도를 제한합니다."""	0.5
265	“향후 수개월간 우리는 베이퍼의 광고 및 판촉 활동에 대한 전면 금지 조치를 도입하는 문제에 대해 논의할 예정이다.”	"""스코틀랜드에서는 소매 레지스터와 필수 연령 확인 제도를 도입했으며 모든 이사회 지역에서 소매 업체가 규정을 준수하는지 확인하기 위해 모든 협의회 지역에 거래 표준 부서를 지원했습니다."	"""스코틀랜드에서는 소매 레지스터와 필수 연령 확인 계획을 도입했으며 모든 이사회 지역에서 소매 업체가 규정을 준수하는지 확인하기 위해 모든 협의회 지역에서 거래 표준 부서를 지원했습니다."""	0.125
266	그녀는 또한 이렇게 말했다. “이러한 제품들이 비교적 처음이고, 그렇기 때문에 그 영향에 대해 지속적인 연구가 필요하다는 사실을 강조하고 우리 모두가 이를 기억해야 한다.	"""앞으로 몇 달 동안 우리는 증기 제품의 광고 및 홍보에 대한 완전한 금지를 도입 할 것입니다."""	"""앞으로 몇 달 동안 우리는 증기 제품의 광고 및 홍보에 대한 완전한 금지를 도입 할 것입니다."""	0.0
267	우리는 아직 그것이 어떤 영향을 주는지 완전히 이해하지 못하고 있으며, 그렇기 때문에 우리가 이 문제에 매우 신중하게 접근하고 있는 것이다.”	"그녀는 ""스트레스를받는 것이 중요하고, 우리 모두가 비교적 새로운 것을 기억하는 것이 중요하며, 그러므로 그 영향은 계속 연구되고 있습니다."	"그녀는 ""스트레스를받는 것이 중요하고, 우리 모두가 비교적 새로운 것을 기억하는 것이 중요하며, 그러므로 그 영향은 계속 연구되고 있습니다."	0.0
268	“그것이 아마도 스코틀랜드 국내에서 전자담배 사용률이 비교적 낮은 이유일 것이다.”	우리는 그 영향이 무엇인지 아직 완전히 이해하지 못합니다. 그래서 우리가 취한 접근 방식은 매우 신중했습니다.	"우리는 그 영향이 무엇인지 아직 완전히 이해하지 못합니다. 우리가 취한 접근 방식은 매우 신중했습니다. """	0.1333
269	“우리는 국민들을 잠재적 위험으로부터 보호하기 위해 필요한 모든 조치를 취하는 데 가장 타당한 증거를 찾고자 최선을 다할 것이다.	"""이유는 스코틀랜드에서 전자 담배 사용이 여전히 비교적 낮은 이유 일 것입니다."	"""이것은 아마도 전자 담배가 스코틀랜드에서 상대적으로 낮아지는 이유 일 것입니다."""	0.8
270	"“우리가 이미 해당 제품들에 대해 가장 엄격한 규제를 실시하고 있지만, 추가적인 조치가 필요하다는 증거가 확인될 경우... 망설임 없이 해당 조치를 취할 것이다""라고 말했다."	"""우리는 사람들이 잠재적 인 해를 입히는 것을 보장하는 데 필요한 모든 단계를 취할 수있는 최선의 증거를 따르고 있습니다."	"""우리는 사람들이 잠재적 인 해를 끼치는 것으로 보호되도록하는 데 필요한 모든 단계를 취할 수있는 최선의 증거를 따르고 있습니다."""	0.2222
271	전세계 기후 학교 파업 시위자들, 기후 행동 요구하며 행진해	"""우리가 이미 해당 제품에 대한 가장 엄격한 체제가있는 동안, 증거가 더 많은 행동이 필요하다는 것을 보여 주면 ... 우리는 그것을 망설이지 않을 것입니다."""	"""우리가 이미 해당 제품에 대한 가장 엄격한 체제가있는 동안, 증거가 더 많은 행동이 필요하다는 것을 보여 주면 ... 우리는 그것을 망설이지 않을 것입니다."""	0.0
272	전세계 어린이들이 기후 변화에 대한 행동을 촉구하기 위해 학교 파업의 물결을 다시 시작했다. 이는 이번 이슈가 이번 주 UN에 모인 세계 정상들의 핵심 어젠다로 부상한 이래 펼쳐진 그들의 첫 주요 행보이다.	이번 주 유엔에서 기후 변화 문제가 세계 지도자의 의제 1위를 차지한 이후 처음으로 전 세계 어린이들이 기후 변화에 대한 조치를 요구하는 학교 파업의 또 다른 물결을 시작했습니다.	전 세계의 어린이들은 이번 주에 세계 지도자의 의제를 탑승 한 이래로 기후 변화에 대한 조치를 요구하는 또 다른 학교의 또 다른 물결을 시작했습니다.	0.7391
273	바로 1년 전 그레타 툰베리라는 한 스웨덴의 십대 소녀의 1인 시위로 시작된 미래를 위한 금요일 운동이 우후죽순 번져, 수백만 명의 학생들이 뉴욕같은 대도시의 거리를 점령했고 아프리카의 여러 개발도상국가들이 주목하고 있다.	불과 1년 전 스웨덴 십대 그레타 툰베리(Greta Thunberg)의 단독 시위로 시작된 미래를 위한 금요일(Fridays for Future) 운동은 수백만 명의 학생들이 뉴욕과 같은 도시의 거리로 나와 아프리카 전역의 개발 도상국에서 관심을 끌면서 급증했습니다.	1 년 전에 스웨덴 하이틴 그레타 Thunberg의 고독한 시위로 시작된 미래의 운동을위한 금요일은 뉴욕과 같은 도시의 거리에 수백만 명의 학생들과 아프리카 전역의 개발 개발에 관심을 끌고 있습니다.	0.7407
274	뉴질랜드에서 최초의 시위가 시작되었는데, 툰베리에 따르면 17만 명으로 추산되는 인파가 뉴질랜드를 행진했다.	최초의 시위 중 일부는 뉴질랜드에서 시작되었으며, 툰베리는 주최측 추산 170,000명이 뉴질랜드 전역에서 행진했다고 말했습니다.	Thunberg가 주최자가 170,000 명이 국가를 가로 질러 행진 한 뉴질랜드에서 첫 번째 시위가 시작되었습니다.	1.0
275	또한 이탈리아, 핀란드, 나이지리아, 오스트리아, 인도를 위시한 많은 나라에서 행진이 이어졌다.	이탈리아, 핀란드, 나이지리아, 오스트리아, 인도 등의 도시에서도 행진이 있었습니다.	이탈리아, 핀란드, 나이지리아, 오스트리아, 인도의 도시에서 다른 나라들 중에서도 행진이있었습니다.	0.6
276	금요일에 벌어진 시위는 뉴욕에 위치한 UN에서 개최된 일주일간의 기후 회의에서 행동하지 않는 세계 정상들 향하여 신랄하게 비판한 툰베리의 연설이 있은 뒤였다.	금요일 시위는 툰베리토 세계 지도자들이 행동하지 않는 것에 대해 질책하는 가혹한 연설을 포함하여 뉴욕에서 열린 유엔에서 일주일간의 기후 회담에 뒤이어 일어났다.	금요일의 항의 시위는 뉴욕의 유엔에서 일주일의 기후 회담을 추적했으며, 이는 Thunberg가 비 활동을 위해 Thunberg에 의해 세계 지도자들에게 비공식적 인 연설을했습니다.	1.0
277	"툰베리는 “당신들은 의미없는 말들로 나의 꿈과 어린 시절을 빼앗아 갔다""라고 화요일 밝혔다."	"""당신은 당신의 공허한 말로 내 꿈과 어린 시절을 훔쳤습니다.""라고 그녀는 화요일에 말했습니다."	"""당신은 내 꿈과 어린 시절을 당신의 빈 말로 도난당했습니다.""라고 화요일에 말했습니다."	0.4545
278	“미래 세대가 모두 당신을 주시하고 있다. 만약 우리를 실망시킬 선택을 한다면 난 이 자리에서 우리가 절대 당신을 용서하지 않을 거라고 말할 것이다.”	"""미래의 모든 세대의 눈이 당신을 바라보고 있으며 당신이 우리를 실망시킨다면 절대 용서하지 않을 것입니다."""	미래의 모든 세대의 눈은 당신에게 있으며 우리가 실패하기로 선택하면 우리가 당신을 결코 용서하지 않을 것이라고 말합니다.	0.6875
279	지난해 공개된 UN 후원 보고서에 따르면, 시위자들은 지구 온도가 2.7도 이상 상승하지 않도록 정부가 적절한 조치를 취해야 한다고 요구하고 있다. 그렇지 않으면 인간의 삶과 지구 전체에 재앙을 초래할 결과를 초래한다고 과학자들은 말한다.	작년에 발표된 유엔 지원 보고서를 인용하면서 시위대는 정부에 지구 온도가 2.7도 이상 상승하는 것을 방지하기 위한 조치를 시행할 것을 요구하고 있습니다.	작년에 발표 된 U.n. 백업 된 보고서를 인용 한 시위자들은 지구 온도가 2.7도 이상 상승하는 것을 방지하기위한 조치를 취할 수있는 조치를 이행하고 있으며, 과학자들은 인간의 삶과 행성에 대한 불이익을 초래한다고 경고합니다.	0.7097
280	툰베리와 그녀의 영향을 받은 학생들은 기후 변화의 원인인 온실가스 배출량이 감소되기 전까지 매주 학교 수업을 거부할 것이라고 밝혔다.	Thunberg와 그녀가 영감을 준 젊은이들은 기후 변화의 원인이 되는 온실 가스 배출량이 감소하는 것을 볼 때까지 매주 수업을 중단하지 않을 것이라고 말합니다.	Thunberg와 젊은이들은 기후 변화에 대한 책임이있는 온실 가스 배출량 감소를 볼 때까지 매주 교실을 멈추지 않을 것이라고 말한다.	0.6667
281	나이지리아의 수도 아부자에서는 올라도수 아데니케가 미래를 위한 금요일 운동을 연속 46주째 이어나가고 있다.	나이지리아의 수도 아부자에서 올라도수 아데니케는 금요일 46번째 연속 파업을 기록했다.	나이지리아의 수도 abuja에서는 Oladosu Adenike는 금요일에 46 번째 연속 파업을 표시했습니다.	0.6364
282	환경 운동가인 아데니케는 “기후 변화는 현실이다” 혹은 “우리는 시간이 없다”라는 메시지를 적은 플래카드를 들고 있는 파란색 교복을 입은 학생들의 사진을 트위터에 게재했다.	"활동가는 자신의 트위터에 ""기후변화는 현실이다"", ""시간이 없다""는 현수막을 들고 파란색 교복을 입은 학생들의 사진을 올렸다."	"활성 주의자들은 메시지가있는 배너를 들고있는 파란색 학교 유니폼을 입은 파란색 학교 유니폼을 입은 학생들의 트위터에 게시 된 이미지, ""기후 변화는 진짜""와 ""시간이 없습니다."""	0.8696
283	지역 매체에 따르면, 지난 8월 수백 명의 기후 파업 주최자들이 이번 주에 있던 시위를 계획하기 위해 모였었던 스위스 로잔에서 수천 명이 도심을 행진했다.	지역 보고서에 따르면 수백 명의 기후 파업 조직가들이 이번 주 행사를 계획하기 위해 8월에 모인 스위스 로잔에서는 수천 명의 사람들이 도시를 행진했다고 합니다.	수백 명의 기후 파업 주최자 가이 주 사건을위한 8 월 계획에 모인 한 스위스에서는 현지 보고서에 따라 수천 명의 사람들이 도시를 통해 행진 한 수백 명의 기후 스트라이드 주최자가 모여 있습니다.	0.7419
284	지역 매체에 따르면, 추가로 수천 명이 핀란드 헬싱키의 거리를 점령할 것이며, 헬싱키 학교에서는 학생들이 시위에 참여하는 것을 허락할 예정이었다.	수천 명이 더 많은 사람들이 핀란드 헬싱키의 거리로 행진할 것으로 예상되었으며, 지역 언론은 이 도시의 학교가 학생들의 참여를 허용할 것이라고 보도했습니다.	핀란드 인 헬싱키 (Helsinki)의 거리까지 수천 명의 수천 명이 예상되었으며, 현지 언론은 도시의 학교가 학생들이 참여할 수 있다고보고했다.	0.8889
285	UN 방문 이후 아직 북미에 있는 툰베리는 캐나다 몬트리올에서 열릴 기후 시위에 참여할 예정이었다.	유엔 방문 후 북미에 남아 있는 툰베리는 캐나다 몬트리올에서 기후 파업에 참가할 예정이었다.	북미 지역에 남아있는 Thunberg는 미국을 방문하여 캐나다 몬트리올의 기후 공격에 참여할 예정이었습니다.	0.9167
286	한 남성이 표적 범죄로 문 앞에서 불에 휩싸여	남자가 문앞에 alight를 설정했다.	남자가 문앞에 alight를 설정했다.	0.0
287	한 남성이 몸에 불이 붙은 채 문앞 계단에 놓여 있었다. 경찰은 표적 범죄에 가능성을 두고 있다.	한 남자가 경찰이 목표 공격이라고 믿는 것에 대해 그의 문앞에 배치되었다.	한 남자가 경찰이 목표 공격이라고 믿는 것에 대해 그의 문앞에 배치되었다.	0.0
288	48세의 이 피해자 남성은 미국 웨스트 랭커셔의 스켈머스데일에 위치한 자신의 집 밖에서 불길에 휩싸이기 직전에 몸에 휘발유로 추정되는 인화성 액체가 뒤덮여 있었다.	48 세의 웨스트 랭커 샤르 (Skelmersdale), Skelmersdale, Skelmersdale, West Lancashire에서 가정 외부의 화염에 파열하기 전에 가솔린으로 믿었습니다.	48 세의 웨스트 랭커 샤르 (Skelmersdale), Skelmersdale, Skelmersdale, West Lancashire에서 가정 외부의 화염에 파열하기 전에 가솔린으로 믿었습니다.	0.0
289	이 남성은 심각한 화상을 입은 뒤 심각했지만 현재 안정된 상태로 병원에 입원 중이다.	그는 심각한 화상을 입은 후에 비판적이지만 안정된 상태로 병원에 있습니다.	그는 심각한 화상을 입은 후에 비판적이지만 안정된 상태로 병원에 있습니다.	0.0
290	경찰은 목요일 새벽 1시경 현장에 출동하였고, 해당 살인 미수 사건에 대한 조사에 착수했다.	경찰은 목요일 오전 1시에 남자의 집에 부름을받은 후에 살인적인 탐구를 시작했습니다.	경찰은 목요일 오전 1시에 남자의 집에 부름을받은 후에 살인적인 탐구를 시작했습니다.	0.0
291	수사를 진두지휘하고 있는 폴린 스테이블스 형사과장은 “한 사람을 그렇게 위험한 상태로 병원에 입원하게 만든 아주 끔찍한 사건이다”라고 말했다.	"조사를 주도하는 Pauline Stables는 다음과 같이 말했습니다. ""이는 병원에서 매우 가난한 상태에서 남자를 남긴 끔찍한 사건입니다."	"조사를 주도하는 Pauline Stables는 다음과 같이 말했습니다. ""이는 병원에서 매우 가난한 상태에서 남자를 남긴 끔찍한 사건입니다."	0.0
292	우리는 범인을 찾기 위해 여러 조사를 진행하고 있다.”	"""우리는 책임있는 사람들을 식별하기 위해 많은 문의를 수행하고 있습니다."	"""우리는 책임있는 사람들을 식별하기 위해 노력할 수있는 여러 문의를 수행하고 있습니다."""	0.3636
293	“사건의 범행 동기를 찾으려고 노력 중이지만, 우리는 이번 사건을 표적 범죄로 보고 있고, 현재로서는 더 넓은 지역에까지 위험이 존재하지는 않을 것으로 본다”	"""우리가 일어난 일을 위해 동기를 구축하려고하는 동안, 우리는 사건이 목표를 달성했다고 믿습니다. 나는이 시점에서 더 넓은 지역 사회에 위협이 있는지 믿지 않는다는 것을 강조하고 싶습니다."	"""우리가 일어난 일을 위해 동기를 수립하려고하는 동안, 우리는 사건이 목표를두고 있으며, 이번에는 더 넓은 공동체에 위협이 없다고 생각하지 않는다고 믿고 싶습니다."""	0.6667
294	“혹시 범인을 알고 있는 분은 우리에게 꼭 연락을 해주길 바란다”	"""누군가 누군가 누가이 일을했는지 ​​알고 나는 그들이 앞으로 나아가 우리에게 말하기를 촉구 할 것입니다."	"""누군가 가이 일을했는지 ​​알고 있고 나는 그들이 앞으로 나아가 우리에게 말하기를 촉구 할 것입니다."""	0.2857
295	“사랑하는 사람이 집에 와서 수상한 행동을 하거나, 몸에서 담배나 기름 냄새가 난다든가, 없던 상처가 발견되는가?”	"""사랑하는 사람이 의심스럽게 행동하고, 연기 나 가솔린의 냄새가 나거나 설명 할 수없는 부상을 입을 수 있습니까?"	"""사랑하는 사람이 의심스럽게 행동하고, 연기 나 가솔린의 냄새가 나거나 설명 할 수없는 부상을 입을 수 있습니까?"""	0.0625
296	“이런 끔찍한 범죄를 저지른 범인을 꼭 찾아야 한다.”	"""우리는이 무서운 범죄에 대한 책임자를 찾아야합니다."""	"""우리는이 무서운 범죄에 대한 책임자를 찾아야합니다."""	0.0
297	오리건주 강타한 대규모 노동자 파업	다음 대규모 노동 파업이 오리건 주를 강타하다	다음 큰 노동 스트라이크가 오레곤에 안타	0.8333
298	이 주립대학교 직원들의 가장 큰 불만은 저임금과 일터에서의 존엄성 부재 문제이다.	주립대 노동자들의 가장 시급한 불만은 낮은 임금과 직장에서의 존엄성 부족이다.	주립 대학 노동자들은 최저 임금과 직장에서의 존엄성이 부족한 중심지를 가장 잘 압니다.	0.9167
299	임금 격차만 놓고 봐도 충격적이다.	급여 격차만 해도 충격적이다.	유료 불균일만으로 충격적입니다.	1.3333
300	이들 중 절반 가량은 연봉이 4만 달러 조차 되지 않는다. (그리고 몇 백 명은 25,000달러도 안 된다.)	이들 근로자의 약 절반은 연간 $40,000 미만을 벌고 있습니다(수백명은 $25,000 미만).	이 근로자의 약 절반은 연간 4 만 달러 미만을 벌고 수백 달러는 25,000 달러 미만으로 만듭니다).	0.625
301	반면 대학 총장의 연봉은 평균 50만 달러이며 4명의 대학교 선수 코치의 경우는 백만 달러를 훌쩍 넘는다.	한편, 대학 총장의 연봉은 평균 $500,000이고 4명의 대학 운동 코치는 멋진 $100만 달러를 받고 있습니다.	한편, 대학 총장의 연봉은 평균 $500,000에 달하고 4명의 대학 운동 코치는 멋진 $100만 달러를 삭감하고 있습니다.	0.1875
302	대학 행정 직원들이 여섯 자리의 연봉을 누리고 전체 행정 지출은 계속 불어남에도 계약직 교직원 6명 중 1명만 식권을 지원 받는다.	학교 행정가는 6자리의 급여를 받고 전반적인 행정 지출은 계속 부풀려지고 있지만, 분류된 직원 6명 중 1명은 식품권을 받을 자격이 있습니다.	학교 행정관은 6 인치 급여와 전반적인 행정 지출이 계속 진행되는 동안, 6 명의 분류 된 직원이 푸드 스탬프를위한 자격을 갖춘 6 명입니다.	0.8182
303	포틀랜드주립대학교의 IT 직원인 알레한드로 세구라는 “나는 기꺼이 파업할 것이다. 왜냐하면 내가 근무하는 도시에 살 수 없을 정도의 임금을 받는 것은 부당하다고 생각하기 때문이다.”라고 말했다.	"포틀랜드 주립대학의 또 다른 IT 직원인 알레한드로 세구라는 ""사람들이 자신이 근무하는 도시에서 살 수 없는 임금을 받는 것이 공정하지 않다고 생각하기 때문에 파업에 기꺼이 나서겠다""고 말했다. ."""	"Alejandro Segurra로서 포틀랜드 주립 대학의 또 다른 IT 노동자는 ""나는 사람들이 봉사하는 도시에서 살 수없는 임금을받지 못하게하는 것이 공정하다고 생각하지 않기 때문에 파업을 기꺼이 갈 것입니다. . """	0.7857
304	포틀랜드주립도서관의 직원인 테레사 스테이플버그는 더 직설적으로 표현했다. “내가 파업하려는 이유는 내가 여기에서 24년간 근무했고, 나는 연봉 인상이 필요하기 때문이다. 생존에 필요한 돈이다.”	"포틀랜드 주립 도서관 직원인 테레사 스테이플버그는 훨씬 더 직접적이었습니다. ""저는 이곳에 24년 동안 일해왔기 때문에 파업을 하고 싶습니다. 그리고 생활 임금 인상이 필요합니다."""	"Portland State Library Worker Theresa Stapleburg은 더욱 직접적으로 더욱 직접적으로있었습니다. ""나는 24 년 이었기 때문에 나는 이곳에 갔고, 나는 생활 임금이 필요합니다."""	0.9091
305	극심한 인플레이션과 오리건 주의 높은 물가 때문에 이 직원들이 곤경에 처해 있지만, 경영진들은 이들의 처지에 일말의 동정심도 보이지 않고 있다.	인플레이션이 오르고 오리건의 생활비가 치솟으면서 이 노동자들은 허둥지둥 떠돌아다니고 있으며 경영진은 그들의 곤경에 대해 거의 동정을 보이지 않았습니다.	인플레이션이 올라가서 오리건에서 살아가는 비용이 솟아 오르면이 노동자들은 넙치에 남아 있으며 경영진은 그들의 곤경에 대한 동정심을 거의 보이지 않았습니다.	0.5789
306	2월에 시작된 임금 협상은 8월 중순에 결렬되었다.	2월에 시작된 계약 협상은 8월 중순에 결렬됐다.	2 월에 시작된 계약 협상은 8 월 중순에 무너졌습니다.	0.5556
307	당시 윗선에서는 쥐꼬리만한 생활비 인상이나 대학교 장기 근속 직원의 연공 서열 요구 거부, 직원 식비 인상 등 매우 터무니없는 제안을 했고, 직원들은 이를 무례하고 심지어 잔인하다고까지 여겼다.	그 시점에서 사장들은 아주 지긋지긋한 몇 가지 제안을 내놓았습니다. 즉, 사소한 생활비 인상, 장기 대학 근로자의 연공서열 요구 거부, 직원 급식 가격 인상 등 근로자들이 무례하다고 여겼습니다. 심지어 잔인하다.	그 시점에서, 상사는 생활의 비용이 크고, 장기간의 대학 노동자들로부터의 연공 서열, 직원 식사를위한 가격 하이킹을 거부하는 생활의 증가를 거부 시켰습니다. 노동자들은 무례한 것으로 보았고 심지어 잔인 해요.	1.037
308	펄머 씨는 “대학교에서는 보이지 않는 계급이 존재한다.”라고 말했다.	풀머는 대학에 불문율 수업 시스템이 있다고 말했다.	"""대학에는""대학에서의 익숙하지 않은 수준의 시스템이 있습니다. ""라고 Fulmer는 말했습니다."	0.8889
309	“거기서 우리가 제일 밑바닥이다.”	"""그리고 우리는 그 바닥에 있습니다."""	"""우리는 그것의 바닥에 있습니다."""	0.75
310	그는 “교육계 종사자들은 수십 년간 피해를 입었다.”라고 말하며,	그는 “교육 종사자들은 수십 년 동안 공격을 받아왔다”고 말했다.	"""교육 노동자들은 수십 년 동안 공격을 받았습니다.""라고 그는 계속했습니다."	0.5556
311	“이제 우리가 드디어 일어나서 반격에 나서게 되었다.	"""우리는 마침내 일어서서 반격합니다."	"""우리는 마침내 서서 싸우고 있습니다."	0.6
312	보통 기업에서 중산층을 계급적으로 차별하고 압박하는 반면 경영진들은 다른 사람에 비해 터무니없이 높은 연봉을 받으며 인플레이션보다 높은 비율로 연봉을 계속 불리는데, 그건 그거다.	경영진이 상대적으로 외설적인 급여가 인플레이션보다 높은 비율로 계속 상승하는 것을 보면서 기업 세계에서 계급주의와 중산층의 압박을 보는 것은 한 가지입니다.	경영진이 상대적으로 외설스러운 임금이 인플레이션을 지속적으로 올라가는 것을 보는 것처럼 경영진이 상대적으로 외설적 인 임금을 볼 수 있기 때문에 클래식주의와 중산층을 짜내는 것은 한 가지입니다.	0.8
313	이런 유사한 일이 교육계에서 벌어지는 걸 우리가 계속 용인할 수는 없을 것이다.”	"그러나 교육 분야에서 같은 일이 일어나는 것은 노동자들이 계속해서 용인할 일이 아닙니다."""	"그러나 교육에서 일어나는 것과 같은 일은 근로자가 계속할 수있는 것이 아닙니다. """	0.8333
314	물론 오리건주립대학교 직원들만 파업에 나선 건 아니다.	그리고 오리건주의 주립대학 직원들만이 행동을 취하는 것은 아닙니다.	그리고 오레곤의 주립 대학 노동자는 행동을 취하는 유일한 사람들이 아닙니다.	0.6
315	오리건은 현재 교전 직전 상태의 화약고나 다름없으며, 그 도화선은 밝고 뜨겁게 타오르고 있다.	오레곤은 지금 전투의 화약고이며 그 신관은 지금 뜨겁게 타오르고 있습니다.	오레곤은 현재 맥락을 묶고 퓨즈가 밝고 뜨거워지고 있습니다.	1.0
316	대형마트 체인인 프레드 메이어의 직원들도 고용주를 상대로 캠페인을 벌이고 있으며, 아직 공식적인 파업 계획은 없지만 긴장이 고조되고 있다. 이곳의 노동조합인 연합 식품 및 상업 노동자 555 지부는 이미 보이콧에 돌입했고 해당 체인을 상대로 불공정 노동 관행 보고서를 제출했다.	프레드 마이어(Fred Meyer) 슈퍼마켓 체인의 식료품점 노동자들은 고용주에 대한 캠페인을 강화하고 있으며 아직 공식적인 파업 계획은 없지만 긴장이 고조되고 있습니다. 그들의 노동 조합인 United Food and Commercial Workers Local 555는 이미 보이콧을 요구했으며 체인에 대한 불공정 노동 관행 보고서를 제출했습니다.	Fred Meyer 슈퍼마켓 체인의 식료품 점 노동자는 고용주에 대한 캠페인을 늘리고 있으며 아직 공격 할 공식 계획이 없지만 긴장이 높고 높습니다. 그들의 노조, 유나이티드 식품 및 상업 노동자들이 555 명이 이미 보이콧을 요구했고, 사슬에 대한 불공정 한 노동 관행 보고서를 제출했습니다.	0.6098
317	의료계에서는 카이저 퍼머넌트의 노조인 서비스종업원 국제연맹49 지부의 회원 4,500명이 기존의 계약이 10월 만료되기 전까지 협상이 타결되지 않을 경우 파업하는 것을 (찬성 98%로) 승인했었다. 그러나 새 임시 합의가 체결되며 가까스로 이 상황을 피할 수 있었다.	의료 부문에서 Kaiser Permanente의 Service Employees International Union Local 49 근로자 4,500명은 10월에 기존 계약이 만료되기 전에 거래가 이루어지지 않으면 파업(승인율 98%)을 승인했습니다. 새로운 잠정적 합의로 회피	의료 부문에서는 Kaiser Permanente의 국제 노동 조합의 49 명의 국제 노동 조합이 10 월에 기존 계약이 만료되기 전에 거래가 거래가 이루어지지 않는 경우 공격을받지 못했습니다 (98 % 승인률) 새로운 임시 협정을 피했다.	0.6875
318	다른 지역의 동종 업계에서는 아스토리아 병원의 간호사 120명 이상을 대변하는 오리건간호사협회와 병원 경영진 간의 계약 협상이 교착상태에 빠졌다. 이들의 최종 계약은 5월에 만료되어 시간이 얼마 남지 않았다.	업계 다른 곳에서 Astoria Hospital의 120명 이상의 간호사를 대표하는 Oregon Nurses Association은 병원 행정부와의 계약 협상에서 교착 상태에 빠졌습니다. 그들의 마지막 계약은 5월에 만료되었고 시계는 똑딱거리고 있습니다.	업계의 다른 곳에서는 아스토리아 병원에서 120 개 이상의 간호사가 넘는 오레곤 간호사 협회는 병원청과의 계약 협상에서 교착 상태가되었습니다. 그들의 마지막 계약은 5 월에 만료되었고, 시계가 똑딱 거리고 있습니다.	0.75
319	“오리건에서 정말 강력한 노동운동이 사회 밑바닥에서부터 차근차근 기반을 다지고 있다. “라고 벌리 씨는 설명했다.	"Burley는 ""오레곤은 기초부터 탄탄하게 다져지고 있는 정말 강력한 노동 운동을 가지고 있습니다.""라고 설명합니다."	"""오레곤은 정말로 강한 노동 운동이 정말로 쌓이는 노동 운동을 정말로 쌓아 두었습니다.""Burley는 설명합니다."	0.7692
320	이는 국지적으로 나타나는 노동력 증가 추세의 일환이다.	"""이것은 노동 성장의 국가적 물결의 일부입니다."	"""이것은 노동 성장의 국가파의 일부입니다."	0.4
321	사람들은 실질 임금이 하락하는 위태로운 경제 상황을 목격하고 있다. 이에 대한 해결책은 일터에서 집단적으로 행동하는 것이다.”	"사람들은 실질임금이 떨어지고 있는 불안정한 경제를 보고 있고 해결책은 직장 내 집단행동입니다."""	"사람들은 실제 임금이 떨어지고 해결책이 직장에서 집단적 행동이되는 불안정한 경제를보고 있습니다. """	0.9167
322	이런 집단 행동이 올 가을에 얼마나 깊게 뿌리 내릴지는 알 수 없으나, 총파업이 2019년 북서부 수준으로 복귀한다면 제대로 자리잡을 수 있을 것이다.	이러한 집단적 행동이 올 가을에 얼마나 깊이 뿌리를 내릴지는 확실하지 않지만, 2019년에 총파업이 노스웨스트에 다시 돌아간다면 분명히 적절할 것입니다.	그러한 집단 조치가 얼마나 깊은 곳이 뿌리를 내릴 수 있는지는 불분명합니다. 그러나 2019 년 북서쪽으로 복귀 한 공격이 돌아 왔을 때 확실히 딱 맞습니다.	1.0
323	이를 시작으로 우리는 그 정신이 더욱더 확산되길 기대할 수 있다. 중서부 농업 중심지와 남부 제조업 지대, 텍사스 유전 지대, 애팔라치아 탄광 지대, 북동부 건설 지대, 실리콘밸리의 첨단 거대기업 지구 및 그 사이에 존재하는 모든 지역까지 말이다.	그리고 그곳에서 우리는 그 정신이 중서부 농업, 남부 제조업, 텍사스 유전, 애팔래치아 탄광, 북동부 건설, 실리콘 밸리 기술 대기업 및 그 사이의 모든 곳으로 더 멀리 퍼질 수 있기를 바랄 뿐입니다.	그리고 거기에서 우리는 중서부 농업, 남부 제조, 텍사스 유전, 애팔 래 치아 석탄 광산, 북동부 건설, 실리콘 밸리 테크 거인, 그리고 그 사이에있는 모든 곳에서 더욱 확산 될 수 있습니다.	0.6667
324	신은 어떤 건 줘야 한다는 걸 알고 있다.	주님은 무언가를 주어야 한다는 것을 알고 계십니다.	주님은 뭔가가 뭔가가 주어 졌음을 알고 있습니다.	0.7143
325	메건, “내 가슴이 원하는 일 할 것”, 그리고 왕실의 의무 때문에 사적인 의무를 “저버리지” 않을 것	메건은 '마음의 욕망을 충족'하고 왕실 의무 중에 자신의 필요가 '사라지도록' 거부합니다.	"Meghan은 ""그녀의 마음의 욕망을 이행""하고, 그녀의 로열의 의무가있을 때 ""퇴색""을 거부합니다."	0.9091
326	메건 마클은 왕실의 일원이 된 지금 ‘내 가슴이 원하는 일을 할 것’이며 사적인 의무를 ‘저버리지’ 않겠다고 결심했다. 그리고 어린 소년과 소녀들의 롤모델이 되고자 한다.	Meghan Markle는 '마음의 소원을 이루기'로 결심하고 자신의 필요가 '사라지지 않게' 이제 그녀는 왕실의 일원이 되었으며 어린 소년들과 소녀들의 롤 모델이 되고 싶어합니다.	"Meghan Markle은 ""그녀의 마음의 욕망을 완수""하고 자신의 필요를 ""퇴색시켜주지 않으려 고합니다. 이제 왕실 가족의 일원이며 소녀뿐만 아니라 어린 소년을위한 역할 모델이되고 싶어합니다."	0.8636
327	서식스 공작 부인인 메건(38)은 이번 주 초 남편 해리 왕자와 함께 남아프리카를 순방하던 중, 케이프타운의 우드스톡 익스체인지에서 열린 영향력 있는 여성 기업가들을 위한 한 행사에서 이와 같이 발언한 것으로 알려졌다.	38세의 서식스 공작부인은 이번 주 초 남편 해리 왕자와 남아프리카 공화국을 여행하는 동안 케이프타운의 우드스탁 거래소에서 열린 여성 기업가들에게 영감을 주는 행사에서 이 말을 했다고 합니다.	Sussex, 38의 공작은 이번 주 초 이전에 케이프 타운의 우드 스탁 교환에서 여성 기업가들을 영감을주었습니다. 남편의 해리와 남아프리카 공화국을 여행하는 동안.	0.9524
328	영국-남아프리카 테크 허브인 우드스톡 익스체인지는 기업가들 중에서도 특히 여성 사업가들에게 필요한 기술, 자원, 후원을 제공해 그들이 기술을 습득하고 시장에 진출할 수 있도록 하는 데 초점을 두고 있다.	UK-SA Tech Hub인 Woodstock Exchange는 기업가, 특히 여성이 기술, 자원 및 지원을 획득할 수 있도록 지원함으로써 기술 개발 및 시장 접근에 중점을 둡니다.	UK-SA Tech 허브 인 Woodstock Exchange는 기술 개발 및 기업가, 특히 여성, 특히 기술, 자원 및 지원을 습득하여 시장에 대한 접근에 중점을 둡니다.	0.4348
329	더 레이디스 후 런치 모임에서 전직 여배우인 메건(38)은 테크놀로지, 보호, 패션 등의 분야에서 창업한 여러 여성 기업가들을 만나 그들이 “차세대의 창의적인 마인드를 강화시키고 있다”며 찬사를 표했다.	레이디스 후 런칭 회의에서는 전 여배우(38)가 기술, 보존 및 패션과 같은 산업 분야에서 자신의 사업을 시작한 여러 여성을 만나 '차세대에 힘을 실어주는' 창의적인 마인드를 칭찬했습니다.	"회의를 시작한 여성들은 전 여배우 인 38 명은 기술, 보존 및 패션과 같은 산업 분야에서 자신의 사업을 설립하고 창조적 인 정신의 ""차세대""에 대한 칭찬을 찬양 한 여러 여성들과 만나고 있습니다."	0.7
330	젊은 여성과 어린 소녀의 역량 강화를 적극 홍보하고 있는 메건은 여성 테크 기업 대표들과 대화하면서 젊은 남성들을 위해서도 이런 일을 하고 싶다고 말했다.	젊은 여성과 소녀들의 역량 강화를 위해 적극적으로 캠페인을 벌여온 여성 기술 창업자 메건과의 대화에서 그녀는 젊은 남성들에게도 그렇게 하기를 희망한다고 말했습니다.	젊은 여성과 소녀의 권한 부여를 위해 격렬하게 캠페인 한 여성 기술 창립자 Meghan과 대화하는 동안 젊은이들에게 똑같이하기를 희망한다고 말했습니다.	0.7368
331	남아공 출신 공학자이자 기업가이며 위민 인 엔지니어링의 공동설립자인 두 아이의 엄마 나디야 무사지는 다음과 같이 말했다. “우리는 소녀들을 교육시키는 것뿐만 아니라 소년들의 롤모델이 되는 것도 중요하다는 걸 안다. 왜냐하면 우리는 영향력 있는 여성들이고, 소년들이 존경할 수 있는 사람들이기 때문이다.”라고 피플지(People)는 보도했다.	남아프리카 공화국의 엔지니어이자 사회적 기업가이자 Women in Engineering의 공동 창립자인 Naadiya Moosajee는 두 아이의 엄마로 다음과 같이 밝혔습니다. 영향력 있고 어떤 소년들도 우러러볼 수 있는지 '피플이 보도합니다.	"남아공 엔지니어, 사회적 기업가 및 엔지니어링 여성의 공동 창업자 인 Mole-of Naadiya Moosajee : ""우리는 소녀를위한 교육뿐만 아니라 소년을위한 역할 모델이되는 것의 중요성을 인정했습니다. 영향력 있고 누가 소년들이 볼 수 있습니다. ""사람들은보고합니다."	0.875
332	“우리에게는 아들도 있다. 그래서 우리는 소녀들뿐 아니라 소년들에게도 본보기가 되어야 한다는 걸 명심하고 있다. 그리고 내 아들뿐 아니라 일반 대중에게도 말이다.”	'우리 둘 다 아들이 있고 우리는 단지 소녀들의 롤 모델이 아니라 소년들의 롤 모델이라는 것을 염두에 두고 있었습니다. 그리고 우리의 아들들뿐 아니라 일반적으로 대중 앞에서도 마찬가지였습니다.'	"""우리 둘 다 아들이 있고, 우리는 우리가 여자들을위한 역할 모델이 아니라 우리의 아들만이 아니라 일반적으로 대중이 아니라는 것을 염두에두고있었습니다."""	0.8947
333	또한 그녀는 메건의 존재가 “위계적으로 느끼지 않았다”, 왜냐하면 여기는 “여성들이 모인 자리이고 우리의 투쟁이나 우리가 앞으로 성장하고 사회를 바꾸기 위해 해야 할 일에 대해 대화하는 자리였기 때문”이라고 덧붙였다.	그녀는 Meghan이 참석하는 것이 '계층적 느낌이 들지 않았다'고 덧붙였습니다. 왜냐하면 '여성들이 모여 우리가 겪고 있는 어려움과 우리 사회를 발전시키고 성장하고 변화시키기 위해 해야 할 일에 대해 이야기하기'였기 때문입니다.	"그녀는 ""계층 적으로 느끼지 못한다""라고 덧붙였다. 그것은 ""우리가 가진 여성들과 우리가 가진 투쟁에 관한 이야기뿐만 아니라 우리의 사회를 앞으로 나아가고 변화시키기 위해해야 ​​할 일이뿐만 아니라""계층 적으로 느끼지 않았다 ""고 덧붙였다."	0.9
334	기술 교육 기업인 시모디사의 설립자인 마시 모디세는 메건이 왕실의 일원임에도 불구하고 계속해서 이 사안들을 위해 싸우겠다는 의지를 보였다고 말했다.	기술 훈련 회사인 Simmodisa의 설립자인 Matsi Modise는 Meghan이 폴드의 회원임에도 불구하고 그녀의 마음에 가까운 문제를 계속 옹호하기로 결정했다고 말했습니다.	Matsi Modise, Simodisa 기술 훈련 회사의 설립자 인 Meghan은 폴드의 구성원이 되었음에도 불구하고 심장에 가까운 문제를 옹호하기로 결심했습니다.	0.8333
335	“메건은 엄마가 되는 것, 공작 부인으로서의 의무, 자신의 가슴이 원하는 일을 하는 것 등에 대해 말하며, 공작부인이 됐다고 해서 그게 갑자기 사라질 수는 없다고 말했다.”라고 모디세는 회상했다.	'그녀는 어머니가 되고 공작부인으로서 의무를 갖고 마음이 원하는 바를 성취하는 것에 대해 이야기했습니다. 그리고 당신이 공작부인이라는 사실이 이제 사라질 수는 없다고 Modise가 회상했습니다.	"""그녀는 어머니가되고 공작의 임무를 수행하고 그녀의 심장이 욕망하는 것을 성취하는 것에 관한 이야기를 망쳤습니다. 그리고 그냥 퇴색 할 수는 없습니다.""Modise는 Modise를 회상했습니다."	0.8636
336	“자기 자신에게 진실해야 한다고 말했다.”	'자신이 누구인지에 충실해야 한다는 것.'	"""당신은 당신이 누구인지에 사실이어야합니다."""	1.25
337	메건 공작 부인은 그들이 새로운 아이디어를 추진하도록 장려했고, 자신을 따르는 이들을 위한 일임을 인지하고 쉬지 않고 계속 전진해야 하는 이유에 대해 말했다고 모디세는 밝혔다.	그녀는 공작 부인이 그들에게 새로운 아이디어를 계속 추진하도록 부추겼고, 그들이 뒤따를 다른 사람들을 위해 그렇게 하고 있다는 것을 알고 계속 추진하고 앞으로 나아가야 하는 방법에 대해 말했습니다.	그녀는 공작원들이 새로운 아이디어를 앞서 쟁점으로 끌려 갔고, 그들이 어떻게 추진하고 앞으로도 계속 나아갈 것인지를 알고, 그들이 따르는 다른 사람들을 위해 그것을 알고있는 것에 관해 이야기했습니다.	0.8462
338	모디세는 “메건은 왕족으로서의 삶이 아니라 어려움을 겪는 보통의 삶에 대해 말했다”고 덧붙이며 자신이 메건에게 약간 “압도당했음”을 인정했다.	'그녀는 왕족이 되는 것이 아니라 도전이 있을 때의 일반적인 삶을 말하는 것'이라고 Modise가 덧붙였다.	"""그녀는 왕실이라고 말하지 않았지만, 당신이 도전을 가질 때 일반적으로 인생이었습니다.""라는 Modise는 Meghan에 의해 약간 ""awestruck""을 느꼈다."	1.0
339	“메건은 기품이 넘치는 사람이고, 자신이 맡은 이 문제를 임함에 있어 우아함을 잃지 않는다.”고 모디세는 말했다.	'그녀는 은총을 발산하며 그녀가 가진 이 임무를 그런 은총으로 수행하고 있습니다.'라고 Modise가 말했습니다.	"""그녀는 은혜를 발산하고 그녀가 그런 은혜를 가지고있는이 일을하고 있습니다.""라고 Modise는 말했습니다."	1.0
340	우리 대부분이 설립자로서 놀라운 일을 많이 했지만, 왕족을 만나는 건 상당히 벅찬 일이다.	많은 우리 중 많은 것들이 창시자로서 놀라운 일을 해왔으나 로열 만나는 것은 꽤 까다 롭습니다.	"""많은 우리 중 많은 것들이 창시자로서 놀라운 일을 해왔으나 로열 만나는 것은 꽤 까다 롭습니다."	0.0667
341	메건이 수월하게 만들어줬다.	그녀는 쉽게 만들었습니다.	그녀는 쉽게 만들었습니다.	0.0
342	그녀는 정말 소박한 왕족이다.”	그녀는 쉽게 갈 것입니다. '	"그녀는 쉽게 왕실입니다. """	0.75
343	메건은 워킹맘에게 오는 압박마저도 즐기고 있다고 밝혔고, 왕족으로서 할일과 어린 아치를 돌보는 일을 동시에 하는 게 “버겁”지만 “둘다 매우 신나는 일”이라고 말했다.	Meghan은 또한 그녀는 일하는 어머니가되는 압력을 즐기고 있습니다. 그녀는 왕실이되고 아기 아치를 많이 돌려 보며 '모든 흥미 진진한'을 찾고 있습니다.	"Meghan은 또한 그녀가 일하는 어머니가되는 압력을 즐기고 있습니다. 그녀는 왕실이되고 아기 아치를 낳는 것처럼 보이는 저글링을 발견하고 아기 archie ""를 많이 찾는다. 그러나""모든 흥미 진진한 ""."	0.5769
344	메건은 케이프 이노베이션 앤 테크놀로지의 CEO이자 두 아이의 엄마인 라라 로스마린에게 이렇게 말했다. “우리는 이제 겨우 5개월 됐다.	Meghan은 Cape Innovation 및 Technology의 CEO 인 2 개의 라라 로사린 (Mother-of-Two Mother-of-Two Rora Rosmarin)에 말하기 : '우리는 지금은 5 개월 만에 우리 우린 지금 당장.	"Meghan은 Cape Innovation and Technology의 CEO의 어머니 ~ 2 마리의 라라 로사린 (Mother-of-Three Rosmarin)에 말하기 : ""우리는 지금은 5 개월 만에 있습니다."	0.5909
345	워킹맘이 되고 아기와 돌아다니는 건 세상에나 정말 벅차다, 그러지만 둘다 정말 즐겁다.”	일하는 엄마가되고, 아기와 함께 여행하는 것은 많은 것이 많지만, 그것은 너무 흥미 진진합니다.	"일하는 엄마가되고, 아기와 함께 여행하는 것은 많은 것이 많지만 너무 흥미로운 것입니다. """	0.3846
346	“모든 걸 해내는 게 때로는 힘들지만 또 어떤 때에는 우리가 누군가를 만나 그들에게 영향을 주고 그걸 보며 ‘아하’라고 깨닫는다. 참 보람찬 일이다.”	"'저글링에 많이있을 때 며칠이지만, 당신은 누군가를 만나고 당신은 그들에게 영향을 미치고 당신은 ""아 - 하""라고 말하고, 그것은 너무 보람입니다.'"	"""저글링하는 데는 많은 일이 아닐 수도 있습니다. 그러나 당신은 누군가를 만나고 당신이 그들에게 영향을 미치고 당신은""Ah-ha ""라고 말하고, 그렇게 보람입니다."""	0.8
347	그 후 메건은 HIV를 앓고 있는 여성의 교육과 고용을 지원하는 비영리단체인 마더스투마더스 케이프타운을 방문했다.	Meghan은 HIV를 가진 여성을 훈련시키고 고용하는 도시의 어머니 2mothers 조직에갔습니다.	Meghan은 HIV를 가진 여성을 훈련시키고 고용하는 도시의 어머니 2mothers 조직에갔습니다.	0.0
348	메건은 아이를 둔 지인들에게 기증 받은 기증품과 함께 ‘더 퓨처(미래)’라고 적힌 원지 한 벌과 인빅투스의 베이비그로 한 벌 등 아치가 커서 못 입는 옷을 가져갔다.	그녀는 '미래'와 그분의 사람들이 더 이상 적합하지 않은 '미래'와 그의 친구들과의 기부와 함께 아이들과 함께 기부를하는 것을 포함하여 아치의 아기 옷을 따라갔습니다.	"그녀는 ""미래""와 그분의 친구들이 아이들과 함께 기부금과 함께 더 이상 적합하지 않은 ""미래""와 그의 비참한 베이비로를 비롯한 아치의 아기 옷을 따라갔습니다."	0.5238
349	스코틀랜드 국민당, 노딜 브렉시트 멈추기 위해 임시 총리로 제레미 코빈 지지할 수도	SNP는 임시 PM으로 Jeremy Corbyn을 지원할 수 있습니다.	SNP는 임시 PM으로 Jeremy Corbyn을 지원할 수 있습니다.	0.0
350	스코틀랜드 국민당은 노딜 브렉시트 문제를 해결하기 위해 한시적으로 제레미 코빈을 영국 총리로 임명하는 것을 지지한다는 신호를 보냈다.	SNP는 일시적인 BREXIT를 방해하기 위해 일시적인 근거로 jeremy corbyn 설치를 지원할 수 있습니다.	SNP는 일시적인 BREXIT를 방해하기 위해 일시적인 근거로 jeremy corbyn 설치를 지원할 수 있습니다.	0.0
351	하원의원과 영국 총리실 간의 긴장이 고조됨에 따라 니컬라 스터전 의원은 다음 대선까지 임시 총리로 노동당 대표인 코빈을 밀 수도 있음을 시사했다.	MPS와 Downing Street 사이의 긴장감이 심화됨에 따라 Nicola Strulgeon은 일반 선거가 될 때까지 선임 장관으로서의 노동 지도자의 뒤에서 노동자 뒤에있을 수 있습니다.	MPS와 Downing Street 사이의 긴장감이 심화됨에 따라 Nicola Strulgeon은 일반 선거가 될 때까지 선임 장관으로서의 노동 지도자의 뒤에서 노동자 뒤에있을 수 있습니다.	0.0
352	코빈 의원은 지난 8월 적수인 토리당과 야당 하원의원들에게 자신이 임시 행정부를 이끌 수 있게 지지해달라고 요청했지만, 그의 행보에 반대가 심했고, 대표적으로 자유민주당 당수인 조 스윈슨이 그랬다.	Corbyn은 8 월에 임시 행정 행정을 이끌어 내기 위해 반란군의 역방향 MPS를 반역자로 옮겼지 만, 특히 자유주의 민주당의 지도자 조윈슨 (Jo Swinson)에서 저항으로 만났습니다.	Corbyn은 8 월에 임시 행정 행정을 이끌어 내기 위해 반란군의 역방향 MPS를 반역자로 옮겼지 만, 특히 자유주의 민주당의 지도자 조윈슨 (Jo Swinson)에서 저항으로 만났습니다.	0.0
353	그의 제안에 따르면, 야권은 불신임 투표로 보리스 존슨 총리를 축출한 뒤 연합 정부를 구성해 10월 31일 영국이 EU에서 탈퇴하는 것을 연장하고자 한다.	제안서에서, 야당 당사자들은 자신감이 없다면 Boris Johnson을 시도하고 10 월 31 일에 EU에서 충돌하는 것을 방지하기위한 연장을 모색하는 단일 정부를 형성 할 것입니다.	제안서에서, 야당 당사자들은 자신감이 없다면 Boris Johnson을 시도하고 10 월 31 일에 EU에서 충돌하는 것을 방지하기위한 연장을 모색하는 단일 정부를 형성 할 것입니다.	0.0
354	당시 이 계획은 양당의 지지를 얻지 못했지만, SNP 원로 의원들은 10월 19일 전까지 합의가 없으면(노딜) 존슨 총리가 브렉시트 연장을 의무화한 법을 따르지 않을 수도 있다는 점을 우려했다.	이 계획은 당시 적용 교당 지원을 얻지 못했지만 SNP의 수석 수치는 10 월 19 일 이전에 거래가 없으면 Johnson이 법률을 지연시키는 법을 지연시킬 법을 강요 할 수 있다고 우려하고 있습니다.	이 계획은 당시 적용 교당 지원을 얻지 못했지만 SNP의 수석 수치는 10 월 19 일 이전에 거래가 없으면 Johnson이 법률을 지연시키는 법을 지연시킬 법을 강요 할 수 있다고 우려하고 있습니다.	0.0
355	니컬라 스터전 SNP 당대표는 존슨 총리에게 일을 계속 맡기는 건 ‘끔찍한 생각’이기 때문에 브렉시트 연장을 위해 코빈 의원을 데려오는 걸 제안했다.	"SNP 지도자 인 Nicola 철갑 상크리는 씨의 Johnson이 담당자 인 Johnson이 ""끔찍한 생각""이 될 것이라고 떠날 수있는 것처럼 연장을 확보하기 위해 자리 해달라고 제안했습니다."	"SNP 지도자 인 Nicola 철갑 상크리는 씨의 Johnson이 담당자 인 Johnson이 ""끔찍한 생각""이 될 것이라고 떠날 수있는 것처럼 연장을 확보하기 위해 자리 해달라고 제안했습니다."	0.0
356	"그녀는 노동당 당대표를 데려오거나 다른 임시 총리를 임명하자는 트윗에 다음과 같이 답했다. ""이에 동의한다.”"	"Tweet에 응답 노동 지도자 또는 임시 총리를 설치하는 것을 암시하는 것은 이렇게 말했습니다. ""이에 동의하십시오."	"Tweet에 응답 노동 지도자 또는 다른 임시 총리를 설치하는 것을 암시하는 그녀는 ""이에 동의합니다."""	0.3571
357	불신임 투표 후 오직 연장이라는 단일 목적을 위해 한 인물을 중심으로 야당과 연합하고 그 후에 바로 대선.”	"""확장을 확보 할 목적을 위해 누군가 주위에 자신감이 없으며, 즉각적인 선거를 즉각적으로 투표하십시오."	"""확장을 확보하고자하는 단독 목적을 위해 누군가 주위에 자신감이 없으며, 즉각적인 선거를 즉각적으로 선출하십시오."""	0.2308
358	"위험이 따르지 않는 일은 없지만, 존슨이 그 자리에서 노딜(심지어는 배드 딜)을 해결하길 기다리는 것은 최악의 생각인 것 같다."""	"""아무 것도 위험이 없지만 존슨이 게시물에 없거나 거래를 통해 강제로 떠나거나 나쁜 거래가 나에게 끔찍한 생각처럼 보입니다."""	"""아무 것도 위험이 없지만 존슨이 게시물에 없거나 거래를 통해 강제로 떠나거나 나쁜 거래가 나에게 끔찍한 생각처럼 보입니다."""	0.0
359	원로 하원의원인 해리엇 하먼과 케네스 클라크가 연합 정부를 이끌 잠정적인 인물로 거론되었지만 SNP의 한 고위 관계자는 노동당 당수가 해야 한다고 주장했다.	베테랑 MPS Harriet Hariet Harman과 Ken Clarke는 둘 다 화합성 정부를 이끌 수있는 잠재적 인 수치로 명명되었지만 고위 SNP 소스는 노동자가되어야 만합니다.	베테랑 MPS Harriet Hariet Harman과 Ken Clarke는 둘 다 화합성 정부를 이끌 수있는 잠재적 인 수치로 명명되었지만 고위 SNP 소스는 노동자가되어야 만합니다.	0.0
360	우리가 불신임 투표로 새 총리를 임명해야 할 것이라는 게 점점 명확해지고 있다, 그래야 브렉시트 연장을 요청하고 선거를 치룰 수 있다라고 그는 ITV의 로버트 페스톤에게 말했다.	"ITV의 Robert Peston에게 말했다. ""라고 우리는 BREXIT에 지연을 요청할 수 있으므로 새로운 총리를 설치해야한다는 것은 점점 더 분명해서 분명합니다."	"ITV의 Robert Peston에게 말했다. ""라고 우리는 BREXIT에 지연을 요청할 수 있으므로 새로운 총리를 설치해야한다는 것은 점점 더 분명해서 분명합니다."	0.0
361	“타협할 수 있는 후보, 국가적 통합을 이룰 후보를 찾는 건 특히 이런 시기에는 매우 힘들다.	"""타협안 후보자를 찾으려고 노력하는 것은 특히 우리가 가지고있는 시점에도 너무 복잡합니다."	"""타협안 후보자를 찾으려고 노력하는 것은 특히 우리가 가지고있는 시점에도 너무 복잡합니다."	0.0
362	"사람들이 원하든, 원치 않든 임시 총리는 코빈 의원이 되어야 한다."""	"사람들이 그것을 좋아하든, 임시 총리는 Corbyn이어야합니다. """	"사람들이 그것을 좋아하든, 임시 총리는 Corbyn이어야합니다. """	0.0
363	SNP 대변인은 SNP가 노딜 브렉시트를 멈추는 일과 ‘위험하고 비민주적인 영국 총리를 최대한 신속히’ 해임하는 일에 매진할 것이라고 밝혔다.	"SNP 대변인은 당사국이 없음을 멈추고 ""가능한 한 빨리이 위험하고 민감한 총리""를 제거하기 위해 노력하고 있다고 말했다."	"SNP 대변인은 당사국이 없음을 멈추고 ""가능한 한 빨리이 위험하고 민감한 총리""를 제거하기 위해 노력하고 있다고 말했다."	0.0
364	"대변인은 다음과 같이 말했다. ""이제는 (정치적 의지만 있다면) 정당들이 힘을 함쳐 브렉시트 연기를 요청하는 서한이 보리스 존슨 총리와 그 측근의 수중에 들어가지 않도록 막는 게 가능해졌다. 벤 법안을 우회하는 방법을 모색 중인 이들의 수중에 들어가지 않고, 임시 권한의 총리가 그 서한을 받아 서한을 발송할 필요가 있을 시점까지만 직위를 유지하다가 곧바로 대선을 치루는 것이다.”"	"대변인은 다음과 같이 말했습니다. ""이제 가능합니다 - 정치적 의지가있을 경우 - 당사자들은 Boris Johnson의 손에 남아 있지 않고 그의 기름을 확보 할 수있는 편지가 남아 있지 않도록하고 있습니다. Benn Act 주위를두고 있지만, 대신 임시 관리인 총리가 대신에 보낼 수있는 선거가 즉시 개최 된 선거와 함께 서신을 보내는 것만뿐입니다."	대변인은 다음과 같이 말했습니다. Benn Act 주위를 얻는 방법은 일시적인 CareTaker 총리가 보낼 수있는 한편으로는 서신을 보내는 것이 필요합니다.	2.0
365	우리는 노딜 브렉시트를 멈추고 보리스 존슨 총리를 해임한다는 목표를 달성하기 위해 아직 모든 가능성을 열어두고 있다.”	"""우리는 No-Deal Brexit를 중단하고 Boris Johnson을 없애는 목적을 달성하기 위해 모든 옵션에 열려 있습니다."""	"""우리는 No-Deal Brexit를 중단하고 Boris Johnson을 없애는 목적을 달성하기 위해 모든 옵션에 열려 있습니다."""	0.0
366	SNP의 지지를 받더라도 코빈 의원에게는 결국 아슬아슬한 투표가 될 것이다.	SNP 지원을 받아 Corbyn 씨에게 칼날 투표로 내려갈 것입니다.	SNP 지원을 받아 Corbyn 씨에게 칼날 투표로 내려갈 것입니다.	0.0
367	288명의 보수당 하원의원과 10명의 민주연합 당원이 있는 만큼, 야당은 34명의 무소속 하원의원 중 일부를 데려와야 한다.	10 개의 민주주의 주의자뿐만 아니라 288 개의 토리 MPS가 있으므로, 반대는 34 개의 독립적 인 MPS 중 일부가 보드에 올 것이라고 필요합니다.	10 개의 민주주의 주의자뿐만 아니라 288 개의 토리 MPS가 있으므로, 반대는 34 개의 독립적 인 MPS 중 일부가 보드에 올 것이라고 필요합니다.	0.0
368	"노동당은 이 계획이 노딜을 멈추기 위한 가장 단순하면서도 민주적인 방법""이라고 주장했다."	"노동은 그 계획이 ""거래를 멈추지 않는 가장 단순하고 가장 민주적 인 방법""이라고 주장했다."	"노동은 그 계획이 ""거래를 멈추지 않는 가장 단순하고 가장 민주적 인 방법""이라고 주장했다."	0.0
369	그러나 자유민주당은 코빈 의원이 이끄는 임시 정부가 하원 전체의 지지를 얻지는 못할 것이라고 여기고 있다. 토리당 출신 하원의원들과 현재 소속 정당을 탈당하는 세력의 지지를 얻어야 하기 때문이다.	그러나 자유주의 민주당은 자신의 당사자들로부터 exory mps와 탈북자의 백업이 필요할 때 Corbyn이 집안에서 필요한지지를 얻을 수 없다고 믿습니다.	그러나 자유주의 민주당은 자신의 당사자들로부터 exory mps와 탈북자의 백업이 필요할 때 Corbyn이 집안에서 필요한지지를 얻을 수 없다고 믿습니다.	0.0
370	"앵거스 지역의 컬스틴 헤어 보수당 하원의원은 다음과 같이 말했다. ""이 보고서는 많은 사람들이 오랫동안 품어왔던 의구심을 확인시켜준다. SNP하원의원들이 영국 총리 자리에 제레미 코빈 의원을 기꺼이 앉힐 거라는 것이다.”"	"앵거스를위한 kirstene 머리카락, 토리 MP는 ""이 보고서는 많은 사람들이 오랫동안 의심되는 것을 확인합니다 - SNP MP는 No10에서 Jeremy Corbyn을 행복하게합니다."	"앵거스를위한 kirstene 머리카락, 토리 MP는 ""이 보고서는 많은 사람들이 오랫동안 의심되는 것을 확인합니다 - SNP MP는 No10에서 Jeremy Corbyn을 행복하게 해줍니다."""	0.0952
371	“스코틀랜드 독립 2차 국민투표에서 코빈 의원의 애매한 위치가 국수주의자들에게 결정적 요소가 될 것이라는 점에는 의심의 여지가 없다.”	"""Corbyn의 약한 자세가 Indyref2에 대한 약세가 민족 주의자에게 결정적인 요소임을 의심의 여지가 없습니다."	"""Corbyn의 약한 입장에 대한 Corbyn이 민족 주의자에게 결정적인 요소임을 의심의 여지가 없습니다."""	0.3333
372	그는 자신이 총리가 될 경우, 2014년 국민투표를 다시 시행하기 위한 가능성을 이미 열어 두었다.”	"""그는 이미 총리가 될 경우 2014 국민 투표의 재 운영을 위해 문을 열었습니다."	"""그는 총리가된다면 2014 년 국민 투표의 재 운영을 위해 이미 문을 열었습니다."""	0.5
373	오직 보수당 정부만이 한 세대에 단 한 번 뿐인 이 사안에 대해 ‘반대’표를 던진 사람들을 지지할 것이다.”	"""보수적 인 정부만이 세대 이벤트에서 한 번이 될 것이라는 것에""아니오 ""를 투표 한 사람들을 위해 일어날 것입니다."""	"""보수적 인 정부만이 세대 이벤트에서 한 번이 될 것이라는 것에""아니오 ""를 투표 한 사람들을 위해 일어날 것입니다."""	0.0
374	오르반 헝가리 총리, 헝가리의 EU 집행위원회 후보 지지하며 “내 손에 대안 있다”고 밝혀	"헝가리 오후 Orban은 EU 이그제큐티브에 대한 후보자를 방어한다. ""주머니에 솔루션이있다"""	"헝가리 오후 Orban은 EU 이그제큐티브에 대한 후보자를 방어한다. ""주머니에 솔루션이있다"""	0.0
375	빅토르 오르반 헝가리 총리는 헝가리 의원이 유럽의회 후보에서 거부 당하자 “내 손”에 몇 가지 대안이 있다고 밝혔다.	"Viktor Orban 총리는 헝가리의 후보자가 거부당한 후에 ""주머니에""솔루션이 있습니다."	"Viktor Orban 총리는 헝가리의 후보자가 거부당한 후에 ""주머니에""솔루션이 있습니다."	0.0
376	EU 교통부 차기 집행위원장에 출마한 루마니아의 사회당 정치인인 로바나 플룸브와 EU 확장위원장에 출마한 전 헝가리 법무장관 라슬로 트로차니는 그들의 금융 거래 내역에 모순점이 발견되어 인사청문회 과정까지 올라가지 못한다는 소식을 들었다고 로이터 통신은 보도했다.	EU 수송원 - 루마니아 사회당 정치가 로바나 프로모션 및 EU 확대에 대한 제안 된 위원, Laszlo Trocsanyi의 전 헝가리 법무부 장관은 재무 제표의 불일치로 인해 발생할 수 없기 때문에 확인 청문회가 앞서 나가지 않을 것이라고 말했습니다.	EU 수송원 - 지정, 루마니아 사회주의 정치가 Rovana Plumb 및 EU 확대를위한 제안 된 위원, László Trócsányi의 전 헝가리 법무부 장관은 재무 제표의 불일치로 인해 불일치로 인해 발생할 수 없었습니다.	0.6
377	“(트로차니가) 아주 적합 EC 의원 후보라는 데 의심의 여지가 없다”라고 오르반 총리는 말했다.	"""나는 [Trocsanyi]가 유럽위원회의 일원이되는 가장 적합한 후보자 인""이라고 orban이 말했다."	"""나는 [Trócsányi]가 유럽 집행위원회의 회원이되는 가장 적합한 후보자라고 확신합니다.""orban은 말했습니다."	0.8
378	“그는 나와 이 정부를 도운 죄밖에 없다… 헝가리의 이민 문제를 해결하기 위해서 말이다.”	그의 죄는 정부와 나의 이주에서 헝가리를 보호하기 위해서는 정부와 나에게 도움을주었습니다.	그의 죄는 정부와 나의 이주에서 헝가리를 보호하기 위해서는 정부와 나에게 도움을주었습니다.	0.0
379	트로차니에게 제안을 건낸 장본인이자 자신의 이민 정책 및 여타 이슈들로 유럽연합과 계속 대치 중이던 오르반 총리에게는 EU의 이러한 움직임이 충격을 주고 있다.	이 움직임은 Trocsanyi를 제안한 Orban에 대한 당황스럽고, 이주 정책 및 기타 문제에 대한 브뤼셀과의 브뤼셀과 끊임없이 충돌 한 것으로 나타났습니다.	이 움직임은 Trócsányi를 제안한 Orban에 대한 당혹스럽고, 이주 정책 및 기타 문제에 대한 브뤼셀과의 끊임없는 충돌을 해왔습니다.	0.4706
380	클리블랜드 경찰, 검사관 평가 결과 전체 분야에서 ‘결함’	검사관의 모든 지역에서 클리블랜드 경찰이 '실패'	검사관의 모든 지역에서 클리블랜드 경찰이 '실패'	0.0
381	추문으로 얼룩진 영국 클리블랜드 경찰이 전 분야에서 검사관들에게 ‘결함’ 판정을 받은 최초의 경찰기관이 되었다.	"Scandal-Hit Cleveland Police는 검사원이 모든 분야에서 브랜드 ""실패""를위한 첫 번째 힘이되었습니다."	"Scandal-Hit Cleveland Police는 검사원이 모든 분야에서 브랜드 ""실패""를위한 첫 번째 힘이되었습니다."	0.0
382	영국 경찰, 소방 및 구조 활동 감시단이 범죄 예방 및 국민 안전 보장, 업무 효율성, 대중 및 동료에 대한 태도 등의 분야에서 면밀히 평가한 결과, 클리블랜드 경찰이 일반 분야와 핵심 3개 분야에서 부적합 판정을 받았다.	전반적으로 폐하의 좌우명 및 화재 및 구조 서비스 (HMICFR)의 폐하의 검사관이 부적절하고 3 가지 주요 지역에서는 범죄를 줄이고 사람들을 안전하게 지키고, 효율적으로 운영하고, 공개하는 방식과 공개 방식을 조사했습니다. 그것의 인력.	전반적으로 폐하의 좌우명 및 화재 및 구조 서비스 (HMICFR)의 폐하의 검사관이 부적절하고 3 가지 주요 지역에서는 범죄를 줄이고 사람들을 안전하게 지키고, 효율적으로 운영하고, 공개하는 방식과 공개 방식을 조사했습니다. 그것의 인력.	0.0
383	이번 결과는 해당 경찰기관에 대한 효과적인 특별 조치를 취할 것임을 의미한다. 이는 경찰서장과 자치경찰청장을 국가위원회에 소환하여 이 상황을 ‘대폭 개선할’ 계획에 대한 청문회를 연다는 뜻이다.	"이 결과는 강제가 효과적으로 주요 조치와 경찰과 범죄 위원이 국가위원회 이전에 불리우며 ""중요한 개선""을 보장하기위한 계획에 대해 의문을 제기하는 특별한 조치로 효과적으로 뛰어납니다."	"이 결과는 강제가 효과적으로 주요 조치와 경찰과 범죄 위원이 국가위원회 이전에 불리우며 ""중요한 개선""을 보장하기위한 계획에 대해 의문을 제기하는 특별한 조치로 효과적으로 뛰어납니다."	0.0
384	진전이 없을 경우에는 내무장관이 직접 문제 해결에 개입할 수도 있다.	그런 다음 진행 상황이없는 경우 문제를 해결할 수 있습니다.	그런 다음 진행 상황이없는 경우 문제를 해결할 수 있습니다.	0.0
385	잉글랜드 북동부의 하트풀, 레드카, 클리블랜드, 스톡턴, 미들즈브러를 관할하는 경찰기관에서 추문이 잇달아 터지고 있다.	스캔들의 끈은 잉글랜드 북동쪽에있는 Hartlepool, Redcar, Cleveland, Stockton 및 Middlesbrough를 덮고있는 힘을 능가했습니다.	스캔들의 끈은 잉글랜드 북동쪽에있는 Hartlepool, Redcar, Cleveland, Stockton 및 Middlesbrough를 덮고있는 힘을 능가했습니다.	0.0
386	거의 몇 년간 경찰서장이 6번 교체되었다.	그것은 거의 몇 년 동안 6 개의 수석전재를 보았습니다.	그것은 거의 몇 년 동안 6 개의 수석전재를 보았습니다.	0.0
387	션 프라이스 전 경찰서장은 2012년 중대한 위법행위로 해임되었다. 이 사건에서 7명의 경찰관이 기자들의 통화를 불법 도청한 혐의로 수사를 받았고, 서내 인종차별 사건이 끊이지 않고 있다.	전 지속적 인 숀 가격은 2012 년에 총기율을 위해 자루되었다. 7 명의 임원이 언론인들이 불법적으로 모니터링되었고 계급 내에서 인종 주의자들의 오랜 주장이있었습니다.	전 지속적 인 숀 가격은 2012 년에 총기율을 위해 자루되었다. 7 명의 임원이 언론인들이 불법적으로 모니터링되었고 계급 내에서 인종 주의자들의 오랜 주장이있었습니다.	0.0
388	최근 해당 경찰대 경감은 경찰의 직무 수행에 대해 거의 “당신이 상상하는 만큼 비효율적이라며, 경찰들이 노트북과 바디카메라를 공유하는 지경이라고 설명했다.	"업무 관행은 최근에 봉사자와 신체 복장 카메라를 공유 해야하는 임원들과 함께 ""상상할 수있는 것처럼 비효율적 인""비효율적 인 것처럼 앙변 조사관에 의해 최근에 기술되었습니다."	"업무 관행은 최근에 봉사자와 신체 복장 카메라를 공유 해야하는 임원들과 함께 ""상상할 수있는 것처럼 비효율적 인""비효율적 인 것처럼 앙변 조사관에 의해 최근에 기술되었습니다."	0.0
389	HMICFRS의 필 곰레이 감찰관은 클리블랜드 경찰에 대해 최근 2년 사이에 “심각하게” 타락한 “실패한 경찰”이라고 말했다.	"Fil Gormley의 HM Inspector는 지난 2 년 동안 ""중요한""열화가있는 ""실패한 힘""이라고 밝혔다."	"Fil Gormley의 HM Inspector는 지난 2 년 동안 ""중요한""열화가있는 ""실패한 힘""이라고 밝혔다."	0.0
390	"벤 허우첸 티즈 밸리 시장은 이 보고서가 ""국내 모든 경찰이 받은 조사를 통틀어 최악의 결과”였으며, 경찰력이 “붕괴되었음을 마침내 공식적으로 검증한 것”이라고 설명했고, 내무부의 즉각적인 개입이 필요하다고 말했다."	"티셔스 밸리 시장 벤 주산은 ""마침내 공식 검증""이었던 ""마침내 공식 검증""이라는 ""마침내 공식 검증""이라는 ""최악의 연구 결과""라고 묘사되었으며 본국 사무실은 지금 개입해야했습니다."	"티셔스 밸리 시장 벤 주산은 ""마침내 공식 검증""이었던 ""마침내 공식 검증""이라는 ""마침내 공식 검증""이라는 ""최악의 연구 결과""라고 묘사되었으며 본국 사무실은 지금 개입해야했습니다."	0.0
391	그는 이렇게 덧붙였다. “이제는 더 이상 논란의 대상이 아니다.	"그는 ""더 이상 분쟁이 아닙니다."	"그는 ""더 이상 분쟁이 아닙니다."	0.0
392	이 보고서에 이분법적으로 드러난 사실이다.”	이 보고서에서 흑백으로 설명 된 사실입니다.	"이 보고서에서 흑백으로 설명 된 사실입니다. """	0.1429
393	"“이번 결과는 지금까지 내가 본 것 중 가장 괴롭고 충격적인 내용이다."""	"""이 발견은 내가 읽은 가장 비참하고 충격적인 것들 중 일부입니다."""	"""이 발견은 내가 읽은 가장 비참하고 충격적인 것들 중 일부입니다."""	0.0
394	클리블랜드는 최근 HMICFRS 감찰관들의 조사를 받은 15개 경찰서 가운데 한 곳으로, 유일하게 전 분야에서 부적합 평가를 받았다.	클리블랜드는 HMICFRS 검사원이 최근에 검사 한 세대 중 하나이며 모든 분야에서 불충분 한 유일한 평가 된 세력 중 하나입니다.	클리블랜드는 HMICFRS 검사원이 최근에 검사 한 세대 중 하나이며 모든 분야에서 불충분 한 유일한 평가 된 세력 중 하나입니다.	0.0
395	곰레이 감찰관은 이렇게 덧붙였다. “클리블랜드 경찰이 범죄 예방을 중시하지 않고 있다.	"Gormley는 ""력은 범죄 예방에 적절하게 우선 순위를 부여하지 않습니다."	"Gormley는 ""력은 범죄 예방에 적절하게 우선 순위를 부여하지 않습니다."	0.0
396	전략적인 방향성도 없고 방범에 충분한 재원을 배치하지도 않는다…	전략적 방향이 부족하고, 힘은 예방 작업에 충분한 자원을 할당하지 않습니다 ...	전략적 방향이 부족하고, 힘은 예방 작업에 충분한 자원을 할당하지 않습니다 ...	0.0
397	아동을 비롯한 취약 계층에 제대로 대처하지 못하고 있다.	그것은 아이들을 포함하여 취약한 사람들에게 적절하게 대응하지 못하고 있습니다.	그것은 아이들을 포함하여 취약한 사람들에게 적절하게 대응하지 못하고 있습니다.	0.0
398	이들을 보호할 기회를 놓쳤고 이들을 위험에 노출시키고 있다.”	"그것은 그들을 보호하고 그들을 위험에 빠뜨릴 수있는 기회가 없습니다. """	"그것은 그들을 보호하고 그들을 위험에 빠뜨릴 수있는 기회가 없습니다. """	0.0
399	"곰레이 감찰관은 고위 지도층이 일관되게 “윤리적으로 행동하지” 않고 있고, “클리블랜드 내 고위 지도층의 부적절한 행위가 너무 심각한 나머지 경찰들의 효율적, 효과적 수사에 지장을 준다""고 말했다."	"그는 고위 지도자들이 일관되게 ""윤리적 행동""을 보여주지 않으며, ""클리블랜드 내의 고위 지도자들의 수석 지도자들의 부적절한 행동이 힘의 효율성과 효율성에 영향을 미치는 것이 너무 심오합니다."""	"그는 고위 지도자들이 일관되게 ""윤리적 행동""을 보여주지 않으며, ""클리블랜드 내의 고위 지도자들의 수석 지도자들의 부적절한 행동이 힘의 효율성과 효율성에 영향을 미치는 것이 너무 심오합니다."""	0.0
400	"허우첸 시장은 이렇게 덧붙였다. ""동료 경찰들을 일관되고 공정하게 대우하지 않고 그들과 효과적으로 소통하거나 교류하지 않는다. 업무 처리 과정도 공정하다는 인식을 받지 못하고 경찰 인력에 대한 파악이 부족해 제대로 지원하지도 못한다.”"	"그는 ""공정성과 존경심으로 인력을 지속적으로 취급하지 않으며 효과적으로 인력과 의사 소통을하지 않거나 노동력에 참여하지 않습니다. 그 과정은 공정한 것으로 인식되지 않으며 지원을 충분히 잘 이해하지 못합니다. 그들."""	"그는 ""공정성과 존경심으로 인력을 지속적으로 취급하지 않으며 효과적으로 인력과 의사 소통을하지 않거나 노동력에 참여하지 않습니다. 그 과정은 공정한 것으로 인식되지 않으며 지원을 충분히 잘 이해하지 못합니다. 그들."""	0.0
401	감사 결과에도 불구하고, 해당 경찰서는 심각한 조직 범죄를 해결해 약간의 칭찬을 얻었으나 범죄 수사 방식에 개선이 필요하다는 평가를 받았다.	연구 결과에도 불구하고, 힘은 심각하고 조직 된 범죄를 다루는 방식에 대해 적은 양의 칭찬을 받았지만 범죄를 조사하는 방식을 개선해야한다고 들었습니다.	연구 결과에도 불구하고, 힘은 심각하고 조직 된 범죄를 다루는 방식에 대해 적은 양의 칭찬을 받았지만 범죄를 조사하는 방식을 개선해야한다고 들었습니다.	0.0
402	"클리블랜드 경찰서의 배리 코핑거 자치경찰서장은 이렇게 말했다. ""이 보고서에 담긴 문제가 되는 내용은 심히 우려가 된다.”"	"힘의 경찰과 범죄위원회 배리 콥이스 (Barry Coppinger)는 다음과 같이 말했습니다. ""나는이 보고서의 걱정 내용에 깊이 걱정하고 있습니다."	"포스의 경찰과 범죄위원회 Barry Coppinger : ""나는이 보고서의 걱정 내용에 깊이 걱정하고있다""고 말했다."	0.7692
403	"“우리 경찰서의 최근 성과가 한마디로 충분히 좋지 못하다."""	"""힘의 최근 성과는 단순히 충분하지 않습니다."""	"""힘의 최근 성과는 단순히 충분하지 않습니다."""	0.0
404	"리차드 루이스 현 경찰서장이 이번 문제를 알게 되자마자 즉시 “신속한 조치""를 취하겠다고 확언했었다고 그는 밝혔다."	"그는 그가 실패를 알게되면 ""신속한 행동""이 실패를 알게되면 곧 ""신속한 행동""이 찍은 현재의 Contable Richard Lewis에서 보증을 받았다고 말했다."	"그는 그가 실패를 알게되면 ""신속한 행동""이 실패를 알게되면 곧 ""신속한 행동""이 찍은 현재의 Contable Richard Lewis에서 보증을 받았다고 말했다."	0.0
405	코핑거 서장은 56일 안에 해당 보고서에 대해 반응하라는 내무부의 지시를 받았다.	Coppinger는 본사가 56 일 이내에 보고서에 응답하기 위해 홈 오피스가 주문했습니다.	Coppinger는 본사가 56 일 이내에 보고서에 응답하기 위해 홈 오피스가 주문했습니다.	0.0
406	"루이스 서장은 이 보고서가 경찰력의 “기준점 역할”을 할 것이라고 말하며 다음과 같이 덧붙였다. ""이미 개선이 이루어졌으며, 명백히 필요했던 그 변화를 내가 전적으로 책임지고 추진한다."	"루이스 (Lewis)는이 보고서가 ""모래의 라인으로 행동 할 것""이라고 말했습니다. ""개선 사항은 이미 이루어졌으며 분명히 필요로하는 변화를 통해 운전할 책임이 있습니다."	"루이스 (Lewis)는이 보고서가 ""모래의 라인으로 행동 할 것""이라고 말했습니다. ""개선 사항은 이미 이루어졌으며 분명히 필요로하는 변화를 통해 운전할 책임이 있습니다."	0.0
407	지난 5개월 간 여기 있으면서 분야를 막론하고 많은 뛰어난 경찰관과 직원들을 만났고, 일선에 있는 경찰관들의 노력과 의지로 여러 사람들이 목숨을 구제하고 취약 계층이 보호 받는 것을 보았다.”	"5 개월 동안 저는 여기에 있었고, 모든 수준에서 뛰어난 경찰과 직원을 모두 만났고, 전선 장교의 노력과 결정에 의해 보호되고 취약한 사람들을 구원 받고 취약한 사람들을 보았습니다. """	"5 개월 동안 저는 여기에 있었고, 모든 수준에서 뛰어난 경찰과 직원을 모두 만났고, 전선 장교의 노력과 결정에 의해 보호되고 취약한 사람들을 구원 받고 취약한 사람들을 보았습니다. """	0.0
408	만약 획기적인 개선이 신속하게 시행되지 않을 경우, 교도소에 문제가 발생했을 때처럼 정부가 직접 개입할 수 있다.	급격한 개선이 충분히 빠르게되지 ​​않으면, 감옥이 실패 할 때까지 정부가 들어갈 수 있습니다.	급격한 개선이 충분히 빠르게되지 ​​않으면, 감옥이 실패 할 때까지 정부가 들어갈 수 있습니다.	0.0
409	그러나 여태껏 정계에서 경찰에 이런 조치를 취한 적은 없었다고 단 한 번도 없었다고 감찰관들은 말했다.	그러나 지금까지 정치인들은 경찰과 함께이 법안에 의지하지 않아도 결코 경찰관이 말했다.	그러나 지금까지 정치인들은 경찰과 함께이 법안에 의지하지 않아도 결코 경찰관이 말했다.	0.0
410	"킷 말트하우스 범죄·경찰·소방부 장관은 ""이 같은 문제를 해결하기 위한 경찰서장의 신속한 조치를 환영하며, 현황을 면밀히 감독하겠다""고 말하며 다음과 같이 덧붙였다. “투명성과 책임감은 경찰의 공신력에 있어 필수 요소다.”"	"범죄, 정책 및 화재 장관,이 실패를 해결 하고이 실패를 해결할 수있는 신속한 행동을 환영하고 ""투명성과 책임 성이 정책에 대한 대중의 신뢰를 위해 필수적이라는 것을 환영합니다."	"범죄, 정책 및 화재 장관,이 실패를 해결할 수있는 신속한 조치를 취하고 ""투명성과 책임 성이 정책에 대한 대중의 신뢰를 위해 필수적이라는 것을 환영합니다.""라고 말했다."	0.3043
411	살해당한 조 콕스 하원의원의 남편, 점수 얻기 위해 내 아내의 이름을 이용하지 마라	내 아내의 이름을 점수로 사용하지 마십시오. MP 조 Cox의 남편은 말합니다.	내 아내의 이름을 점수로 사용하지 마십시오. MP 조 Cox의 남편은 말합니다.	0.0
412	어젯밤 제레미 코빈 의원이 보리스 존슨 총리를 비난하기 위해 살해당한 조 콕스 하원의원의 동영상을 게시하자, 콕스 의원의 남편이 자신의 배우자의 이름을 정치적 점수를 얻는 데 이용해서는 안 된다고 말했다.	Jo Cox의 남편은 지난 밤에 Jeremy Corbyn 이후의 정치적 점수를 획득하는 데 사용해서는 안된다고 말했다.	Jo Cox의 남편은 지난 밤에 Jeremy Corbyn 이후의 정치적 점수를 획득하는 데 사용해서는 안된다고 말했다.	0.0
413	"코빈 노동당 대표가 게재한 동영상에는 조 콕스 의원의 모습과 그녀가 죽은 후 열린 철야 기도회가 담겨 있고 다음과 같은 캡션이 달렸다. 보리스 존슨은 거리에서 일어나는 폭력에 관심이 없다."""	"노동 리더의 영화는 Cox 부인의 클립과 그녀의 죽음 이후에 보유한 Vigil, ""Boris Johnson은 우리 거리에서 폭력에 대해 신경 쓰지 않는다."""	"노동 리더의 영화는 Cox 부인의 클립과 그녀의 죽음 이후에 보유한 Vigil, ""Boris Johnson은 우리 거리에서 폭력에 대해 신경 쓰지 않는다."""	0.0
414	비평가들은 코빈 대표가 ‘값싼 정치적 점수’를 얻기 위해 콕스 의원의 피살 사건을 이용하고 있다고 말했고, 콕스 의원의 남편 브렌던 콕스는 증오의 발언을 ‘단순히 정당의 정치적 문제’로 해석하는 코빈 노동당 대표의 태도는 ‘잘못됐다’고 밝혔다.	"비평가들은 Corbyn 씨가 ""싸구려 정치적 포인트""를 점수로 사용하는 동안 그녀의 남편 브렌다 콕스 (Brendan Cox)가 ""틀린 언어""가 ""간단한 당의 정치적 문제""라고 추론하는 것이 ""틀린""이라고 말했다."	"비평가들은 Corbyn 씨가 ""싸구려 정치적 포인트""를 점수로 사용하는 동안 그녀의 남편 브렌다 콕스 (Brendan Cox)가 ""틀린 언어""가 ""간단한 당의 정치적 문제""라고 추론하는 것이 ""틀린""이라고 말했다."	0.0
415	"브렌던 콕스는 다음과 같이 말했다. ""조를 기리는 가장 좋은 방법은 증오와 분열을 물리치는 것이라는 제레미 대표의 말은 옳다."	"콕스 씨는 ""Jeremy는 JO를 존중하는 가장 좋은 방법이 증오와 부서를 물리 치는 것입니다."	"콕스 씨는 ""Jeremy는 JO를 존중하는 가장 좋은 방법이 증오와 부서를 물리 치는 것입니다."	0.0
416	그리고 조에게도 어떤 책임이 있다는 그의 말도 맞다.”	그는 또한 바로 PM에 특별한 책임이 있습니다.	"그는 또한 PM에 특별한 책임이 있습니다. """	0.2857
417	그러나 이것을 단순히 정당의 정치적 문제로 해석하는 일은 잘못되었다.	"""그러나 그는 간단한 정치적 문제라고 추론하는 것이 잘못되었습니다."	"""그러나 그는 간단한 정치적 문제라고 추론하는 것이 잘못되었습니다."	0.0
418	조는 열정적인 노동당원이긴 했지만, 어떤 일은 정당을 초월해야 할 때도 있다.	"조는 열정적으로 노동 이었지만 어떤 것들은 당분간 정치를 초월해야합니다. """	"조는 열정적으로 노동 이었지만 어떤 것들은 당분간 정치를 초월해야합니다. """	0.0
419	또한 브렌던 콕스는 조 콕스의 이름은 ‘단순한 정치적 점수 그 이상’이라는 글에 ‘이 글. 감사합니다.’라는 캡션을 붙여 공유했다.	"그는 또한 Jo Cox의 이름이 캡션을 가진 ""정치적 점수 지점 이상""이라고 말했던 게시물을 공유했습니다. 이것은 ""이것은 이것을 감사합니다."""	"그는 또한 Jo Cox의 이름이 캡션을 가진 ""정치적 점수 지점 이상""이라고 말했던 게시물을 공유했습니다. 이것은 ""이것은 이것을 감사합니다."""	0.0
420	코빈 대표는 이 동영상으로 인해 역풍을 맞고 있다. 이 동영상은 3년 전 콕스 의원이 웨스트요크셔 선거구에서 어느 극우 운동가에 의해 살해된 사건에 대해 자신이 이야기하는 장면으로 시작한다.	Corbyn 씨는 그의 비디오를 위해 그의 비디오를 위해 그의 동영상에 대한 백래시에 직면 해 있었는데, 서쪽 요크셔 선거구에서 3 년 전에 cox의 살인 사건에 대해 이야기하고 있습니다.	Corbyn 씨는 그의 비디오를 위해 그의 비디오를 위해 그의 동영상에 대한 백래시에 직면 해 있었는데, 서쪽 요크셔 선거구에서 3 년 전에 cox의 살인 사건에 대해 이야기하고 있습니다.	0.0
421	"코빈 대표는 콕스 의원, 존슨 총리, 여성 하원의원들의 영상을 짜깁기한 동영상에 대해 다음과 같이 말했다. ""총리는 이러한 발언이 폭력을 조장하고 실제 범죄로 이어질 수 있다는 걸 안다."	"Cox 부인, Johnson 및 여성 MPS의 클립을 말하면서 Corbyn은 ""이 말은이 말을 폭력을 촉진하고 실질적인 결과를 가져올 수 있습니다."	"Cox 부인, Johnson 및 여성 MPS의 클립을 말하면서 Corbyn은 ""이 말은이 말을 폭력을 촉진하고 실질적인 결과를 가져올 수 있습니다."	0.0
422	그는 분열을 원한다.	그는 부서를 원한다.	그는 부서를 원한다.	0.0
423	"분명히, 그는 거리에서 일어나는 폭력에는 관심이 없다."""	"분명히, 그는 우리 거리에서 폭력에 대해 상관하지 않습니다. """	"분명히, 그는 우리 거리에서 폭력에 대해 상관하지 않습니다. """	0.0
424	코빈 대표는 계속해서 존슨 총리를 비난하며 노동당 정부에게 요구하고 있다.	그는 존슨 (Johnson)을 비판하고 노동 정부를 요구합니다.	그는 존슨 (Johnson)을 비판하고 노동 정부를 요구합니다.	0.0
425	"코빈 대표는 다음과 같이 덧붙였다. ""많은 사람들이 보리스 존슨 총리의 말투를 우려하고 있다. 그 말투를 극우 진영에서 따라하고 있다."	"Corbyn은 ""많은 사람들이 맨 오른쪽에서 반복되는 언어 인 Boris Johnson이 사용하는 언어에 대해 깊이 우려하고 있습니다."	"Corbyn은 ""많은 사람들이 맨 오른쪽에서 반복되는 언어 인 Boris Johnson이 사용하는 언어에 대해 깊이 우려하고 있습니다."	0.0
426	여성 하원의원들이 살해 위협을 받으며 이에 대해 문제를 제기하면 그는 오만하게도 이를 묵살했다.	여자 MP가 그와 함께 제기되었을 때, 죽음의 위협에 직면 한 그는 거만하게 그들을 해산 시켰습니다.	여자 MP가 그와 함께 제기되었을 때, 죽음의 위협에 직면 한 그는 거만하게 그들을 해산 시켰습니다.	0.0
427	정말 수치스러운 일이 아닐 수 없다.”	"불명예스럽지 않은 것은 아무것도 없었다. """	"불명예스럽지 않은 것은 아무것도 없었다. """	0.0
428	"존 우드콕 노동당 전 하원의원은 이 동영상을 공유하며 다음과 같이 말했다. “당신은 이제 그만 입을 다물라. 역겹다."""	"이전 노동 MP John Woodcock은 비디오를 공유하고 말했다 : ""당신은 정말로 닥칠 수 있습니다. 역겨운."""	"이전 노동 MP John Woodcock은 비디오를 공유하고 말했다 : ""당신은 정말로 닥칠 수 있습니다. 역겨운."""	0.0
429	한편 보수당 하원의원이자 산업부 장관인 나드힘 자하위는 다음과 같이 말했다. “당신이 이런 식으로 조 콕스 의원의 이름을 사용하다니 정말 잘못됐다. 그녀의 가족이 이런 식으로 그녀의 이름을 사용하지 말아달라고 특별히 요청했는데도 말이다.	한편 Nadhim Zahawi는 이렇게 말했습니다. 그녀의 가족이 특별히 이런 식으로 사용하지 않기를 바란다면 이런 식으로 Jo Cox를 사용하는 것은 매우 잘못되었습니다.	한편 Nadhim Zahawi는 이렇게 말했습니다. 그녀의 가족이 특별히 이런 식으로 사용하지 않기를 바란다면 이런 식으로 Jo Cox를 사용하는 것은 매우 잘못되었습니다.	0.0
430	정치와 연루시키지 말라고.”	정치에서 벗어나기 위해서.	"정치에서 벗어나기 위해서. """	0.25
431	제레미 코빈, 당신이 눈꼽만큼이라도 예의있는 사람이라면 이 동영상을 내리기 바란다.”	"""온스를 착용 한 jeremy corbyn의 온스를 가지고 있다면이 비디오를 아래로 가져갈 것입니다."""	"""온스를 착용 한 jeremy corbyn의 온스를 가지고 있다면이 비디오를 아래로 가져갈 것입니다."""	0.0
432	그 후 이번 주 의회에서 존슨 총리가 콕스 의원을 기리는 “가장 좋은 방법”은 “브렉시트를 완수하는 일”이라고 발언하면서 논쟁이 이어졌다.	"이번 주에 Johnson Mr가 Cox를 존중하는 ""가장 좋은 방법""은 ""Brexit Done""을 얻는 것이라고 말했던 이번 주에 의회에서 언어를 뒤 따른다."	"이번 주에 Johnson Mr가 Cox를 존중하는 ""가장 좋은 방법""은 ""Brexit Done""을 얻는 것이라고 말했던 이번 주에 의회에서 언어를 뒤 따른다."	0.0
433	"조 콕스 의원의 여동생 킴 리드비터는 극단적인 언어를 순화할 것을 요구하며 그게 언니의 자녀들에게 도움이 되지 않는다""고 말했다."	"그녀의 여동생은 ""Jo 's 아이들에게 도움이되지 않는다""는 말을하는 극단적 인 언어로 전화를 걸었다."	"그녀의 여동생은 ""Jo 's 아이들에게 도움이되지 않는다""는 말을하는 극단적 인 언어로 전화를 걸었다."	0.0
434	"리드비터는 ITV에 다음과 같이 말했다. ""내가 나서서 보리스 존슨 총리에 대해 터무니없는 말을 늘어놓는 게 앞으로 나아가는 데 유용한지는 잘 모르겠다."	"그녀는 ITV를 말했습니다 : ""나를 위해 나와서 Boris Johnson에 대해 터무니없는 것들을 말하기 위해 - 나는 그게 전방을 앞으로 나아갈 수있는 방법이라고 생각하지 않습니다."	"그녀는 ITV를 말했습니다 : ""나를 위해 나와서 Boris Johnson에 대해 터무니없는 것들을 말하기 위해 - 나는 그게 전방을 앞으로 나아갈 수있는 방법이라고 생각하지 않습니다."	0.0
435	나는 무엇이 옳고 그른지 내 생각을 표현할 수는 있지만 그걸 신중하게 하려고 노력할 것이다.”	"나는 내가 옳고서 내가 생각하는 것을 말할 수는 있지만, 측정 된 방식으로 그 일을하려고 할 것입니다. """	"나는 내가 옳고서 내가 생각하는 것을 말할 수는 있지만, 측정 된 방식으로 그 일을하려고 할 것입니다. """	0.0
436	이베트 쿠퍼 노동당 하원의원의 딸은 사람들이 정치인들에 대해 하는 말을 듣고 있으면 항상 어머니의 신변이 걱정된다고 어제 밝혔다.	노동 MP의 딸 yvette 쿠퍼는 어제 사람들이 정치인들에 대해 말하는 방식 때문에 어머니의 삶을 끊임없이 두려워한다고 말하기 위해 어제 말했습니다.	노동 MP의 딸 yvette 쿠퍼는 어제 사람들이 정치인들에 대해 말하는 방식 때문에 어머니의 삶을 끊임없이 두려워한다고 말하기 위해 어제 말했습니다.	0.0
