	Segment ID	Before_tokens	After_tokens	TER
0	1	왕실 뉴스 : 베아트리체 공주 가 적대 적 인 가족 들 에게 분노 로 어떻게 반응 했 는가	왕실 뉴스 : 베아트리체 공주 가 적대 적 인 가족 들 에게 분노 로 어떻게 반응 했 는가	0.0
1	2	요크 공작부인 은 17 일 장녀 베아트리체 공주 가 남자 친구 인 34 세 의 재산 재벌 에도아르도 마 펠리 모지 와 약혼 했 다고 발표 했 다 .	요크 공작부인 은 17 일 장녀 베아트리체 공주 가 남자 친구 인 34 세 의 재산 재벌 에도아르도 마 펠리 모지 와 약혼 했 다고 발표 했 다 .	0.0
2	3	왕위 계승 서열 9 위 인 공주 는 내년 에 마 펠리 모지 씨 와 결혼 한다 .	왕위 계승 서열 9 위 인 공주 는 내년 에 마 펠리 모지 씨 와 결혼 한다 .	0.0
3	4	"이 커플 은 성명 을 통해 "" 우리 둘 다 함께 이 인생 모험 에 착수 하 게 되 어 매우 흥분 된다 ."	"이 커플 은 성명 을 통해 "" 우리 둘 다 함께 이 인생 모험 에 착수 하 게 되 어 매우 흥분 된다 ."	0.0
4	5	""" 우리 는 많 은 비슷 한 관심사 와 가치 를 공유 하 고 있 으며 , 이것 이 앞 으로 몇 년 동안 사랑 과 행복 으로 가득 차 서 우리 를 큰 대신 할 것 이 라는 것 을 알 고 있 다 . """	""" 우리 는 많 은 비슷 한 관심사 와 가치 를 공유 하 고 있 으며 , 이것 이 앞 으로 몇 년 동안 사랑 과 행복 으로 가득 차 서 우리 를 큰 대신 할 것 이 라는 것 을 알 고 있 다 . """	0.0
5	6	베아트리체 공주 의 부모 인 앤드류 왕자 와 사라 퍼거슨 도 그 들 의 흥분 을 나누 었 다 .	베아트리체 공주 의 부모 인 앤드류 왕자 와 사라 퍼거슨 도 그 들 의 흥분 을 나누 었 다 .	0.0
6	7	"요크 공작부인 은 트위터 에 "" 어머니 가 어떤 기분 인지 알 고 기쁨 의 눈물 을 흘린다 ."	"요크 공작부인 은 트위터 에 "" 어머니 가 어떤 기분 인지 알 고 기쁨 의 눈물 을 흘린다 ."	0.0
7	8	나 는 이 선정 적 인 뉴스 가 너무 자랑 스럽 다 .	나 는 이 선정 적 인 뉴스 가 너무 자랑 스럽 다 .	0.0
8	9	""" 앤드류 와 나 는 법 에서 두 명 의 위대 한 아들 을 둔 가장 운 이 좋 은 사람 들 이 다 . """	""" 앤드류 와 나 는 법 에서 두 명 의 위대 한 아들 을 둔 가장 운 이 좋 은 사람 들 이 다 . """	0.0
9	10	왕실 결혼식 은 왕실 가족 전체 가 함께 할 수 있 는 또 다른 기회 가 될 것 이 며 , 바라건대 퍼기 와 에든버러 공작 의 관계 를 완전히 회복 시킬 것 이 다 .	왕실 결혼식 은 왕실 가족 전체 가 함께 할 수 있 는 또 다른 기회 가 될 것 이 며 , 바라건대 퍼기 와 에든버러 공작 의 관계 를 완전히 회복 시킬 것 이 다 .	0.0
10	11	사라 가 왕실 의 가장 큰 스캔들 중 하나 에 휘말린 이후 , 나머지 멤버 들 과 의 관계 는 매우 어려웠 다 .	사라 가 왕실 의 가장 큰 스캔들 중 하나 에 휘말린 이후 , 나머지 멤버 들 과 의 관계 는 매우 어려웠 다 .	0.0
11	12	1992 년 앤드류 왕자 와 별거 중 이 라고 발표 한 지 5 개월 만 에 세인트 트 로페즈 의 휴가 별장 에서 ' 재정 고문 ' 과 함께 찍 은 사진 을 훼손 했 다 .	1992 년 앤드류 왕자 와 별거 중 이 라고 발표 한 지 5 개월 만 에 세인트 트 로페즈 의 휴가 별장 에서 ' 재정 고문 ' 과 함께 찍 은 사진 을 훼손 했 다 .	0.0
12	13	이 스냅 사진 은 텍사스 의 백만장자 존 브라이언 이 공작부인 의 발가락 과 발 아치 에 키스 하 고 빨아들이 는 모습 을 보여 주 는 것 으로 보였으며 , 특히 필립 공 은 며느리 의 추잡 한 익살 스러움 에 가장 강한 반응 을 보였 다고 한다 .	이 스냅 사진 은 텍사스 의 백만장자 존 브라이언 이 공작부인 의 발가락 과 발 아치 를 키스 하 고 빨아들이 는 모습 을 보여 주 는 것 으로 보였으며 , 특히 필립 공 은 며느리 의 추잡 한 익살 스러움 에 가장 강한 반응 을 보였 다고 한다 .	0.02
13	14	"그러나 그 의 행동 은 요크 공작 부인 에게 "" 응징 "" 하 고 있 었 고 , 베아트리체 공주 는 언젠가 어머니 가 "" 달갑 지 않 은 느낌 을 주 기 위한 의도 적 인 행동 "" 의 희생자 라고 주장 했 다 ."	"그러나 그 의 행동 은 요크 공작 부인 에게 "" 응징 "" 하 고 있 었 고 , 베아트리체 공주 는 언젠가 어머니 가 "" 달갑 지 않 은 느낌 을 주 기 위한 의도 적 인 행동 "" 의 희생자 라고 주장 했 다 ."	0.0
14	15	바로 그 안 에서 : 케이트 와 윌리엄 은 비 공개 로 : 커플 의 충격 습관 이 드러났 다 .	바로 그 안 에서 : 케이트 와 윌리엄 은 비 공개 로 : 커플 의 충격 습관 이 드러났 다 .	0.0
15	16	"이 보고서 는 공작부인 의 대변인 이 이 주장 에 대해 언급 할 수 는 없 었 지만 퍼기 의 한 친구 는 "" 사라 의 딸 들 이 그 들 의 어머니 가 왕실 의 일부 구성원 들 로부터 대우 를 받 는 방식 에 꽤 진저리 가 난다는 것 은 비밀 이 아니 다 ."	"이 보고서 는 공작부인 의 대변인 이 이 주장 에 대해 언급 할 수 는 없 었 지만 , 퍼기 의 한 친구 는 "" 사라 의 딸 들 이 그 들 의 어머니 가 왕실 의 일부 구성원 들 로부터 대우 를 받 는 방식 에 꽤 진저리 가 난다는 것 은 비밀 이 아니 다 . "" 라고 말 한 것 으로 인용 되 었 다 ."	0.1739
16	17	""" 그녀 가 보낸 청구서 중 일부 는 꽤 비참 했 다 ."	""" 그녀 가 보낸 청구서 중 일부 는 꽤 비참 했 다 . """	0.0714
17	18	""" 그 들 은 끊임없이 아버지 가 그런 일 이 일어나 도록 허락 했 다고 비난 하 고 있 으며 , 특히 베아트리체 는 앤드류 왕자 에게 그 들 의 어머니 가 따돌림 을 당하 지 않 는 것 을 보여 달 라고 간청 해 왔 다 . """	""" 그 들 은 끊임없이 아버지 가 그런 일 이 일어나 도록 허락 했 다고 비난 하 고 있 으며 , 특히 베아트리체 는 앤드류 왕자 에게 그 들 의 어머니 가 따돌림 을 당하 지 않 는 것 을 보여 달 라고 간청 해 왔 다 . """	0.0
18	19	필립 과 사라 는 지난 10 월 유 제니 공주 의 잭 브룩스뱅크 와 의 결혼식 에서 26 년 만 에 처음 으로 함께 찍 은 사진 이 다 .	필립 과 사라 는 지난 10 월 유 제니 공주 의 잭 브룩스뱅크 와 의 결혼식 에서 26 년 만 에 처음 으로 함께 찍 은 사진 이 다 .	0.0
19	20	정부 협의 에서 검토 될 개 통제법	정부 협의 에서 검토 될 개 통제법	0.0
20	21	스코틀랜드 의 개 관리법 은 통제 불능 의 동물 과 무 책임 한 주인 에 대한 우려 속 에 검토 되 고 있 다 .	스코틀랜드 의 개 관리법 은 통제 불능 의 동물 과 무 책임 한 주인 에 대한 우려 속 에 검토 되 고 있 다 .	0.0
21	22	스코틀랜드 정부 가 대중 의 견해 를 모색 하 기 위한 협의 가 시작 되 었 다 .	스코틀랜드 정부 가 대중 의 견해 를 모색 하 기 위한 협의 가 시작 되 었 다 .	0.0
22	23	"스코틀랜드 의 지역 사회 안 전부 장관 은 통제 불능 개 에 대한 법 이 변경 되 어야 하 는지 여부 를 결정 하 기 위한 검토 와 함께 "" 무 책임 한 소유주 들 로부터 지역 사회 를 안 전하 게 유지 하 겠 다 "" 고 약속 했 다 ."	"스코틀랜드 의 지역 사회 안 전부 장관 은 통제 불능 개 에 대한 법 이 변경 되 어야 하 는지 여부 를 결정 하 기 위한 검토 와 함께 "" 무 책임 한 소유주 들 로부터 지역 사회 를 안 전하 게 유지 하 겠 다 "" 고 약속 했 다 ."	0.0
23	24	"애쉬 덴햄 MSP 는 "" 무 책임 한 주인 과 통제 불능 의 개 들 로부터 지역 사회 를 안 전하 게 지키 기 위해 절대 적 으로 결심 했 기 때문 에 우리 는 개 통제 법안 에 대한 두 가지 검토 를 하 고 있 다 "" 고 말 했 다 ."	"애쉬 덴햄 MSP 는 "" 무 책임 한 주인 과 통제 불능 의 개 들 로부터 지역 사회 를 안 전하 게 지키 기 위해 절대 적 으로 결심 했 기 때문 에 우리 는 개 통제 법안 에 대한 두 가지 검토 를 하 고 있 다 "" 고 말 했 다 ."	0.0
24	25	""" 이 협의 는 2010 년 개 관리법 이 스코틀랜드 전역 에서 어떻게 운영 될 수 있 는지 에 대한 개선 을 모색 하 고 있 으며 , 내년 에 는 변화 가 필요 한지 여부 를 평가 하 기 위해 모든 개 관리 법안 을 보다 폭넓 게 검토 할 것 이 다 ."	""" 이 협의 는 2010 년 개 관리법 이 스코틀랜드 전역 에서 어떻게 운영 될 수 있 는지 에 대한 개선 을 모색 하 고 있 으며 , 내년 에 는 변화 가 필요 한지 여부 를 평가 하 기 위해 모든 개 관리 법안 을 보다 폭넓 게 검토 할 것 이 다 ."	0.0
25	26	""" 개 한 마리 를 키우 는 것 은 개 를 효과 적 으로 통제 하 는 것 을 포함 한 특정 한 책임 을 수반 하 며 , 나 는 이 분야 에 관심 이 있 는 모든 사람 들 이 우리 의 협의 에 응하 도록 격려 한다 . """	""" 개 한 마리 를 키우 는 것 은 개 를 효과 적 으로 통제 하 는 것 을 포함 한 특정 한 책임 을 수반 하 며 , 나 는 이 분야 에 관심 이 있 는 모든 사람 들 이 우리 의 협의 에 응하 도록 격려 한다 . """	0.0
26	27	협의 는 1 월 15 일 까지 진행 되 며 , 국가 개 관리 데이터베이스 를 만들 어야 하 는지 에 대한 의문 을 제기 하 는 등 현재 의 입법 을 강화 하 고 명확히 하 기 위한 제안 이 포함 되 어 있 다 .	협의 는 1 월 15 일 까지 진행 되 며 , 국가 개 관리 데이터베이스 를 만들 어야 하 는지 에 대한 의문 을 제기 하 는 등 현재 의 입법 을 강화 하 고 명확히 하 기 위한 제안 이 포함 되 어 있 다 .	0.0
27	28	스코틀랜드 의회 의 입법 후 스크루 티 위원회 는 개 들 에게 공격 받 거나 살해 된 아이 들 의 희생자 들 과 부모 들 로부터 증거 를 듣 고 있 어 정부 가 개 통제법 을 검토 하 도록 만들 었 다 .	스코틀랜드 의회 의 입법 후 스크루 티 위원회 는 개 들 에게 공격 받 거나 살해 된 아이 들 의 희생자 들 과 부모 들 로부터 증거 를 듣 고 있 어 정부 가 개 통제법 을 검토 하 도록 만들 었 다 .	0.0
28	29	MSP 들 은 그 법안 이 취약 한 사람 들 과 아이 들 을 보호 하 기 위해 긴급 한 개혁 이 필요 하 다는 말 을 들 었 다 .	MSP 들 은 그 법안 이 취약 한 사람 들 과 아이 들 을 보호 하 기 위해 긴급 한 개혁 이 필요 하 다는 말 을 들 었 다 .	0.0
29	30	위원회 는 그 레이터 글래스고 와 클라이드 에서 만 작년 에 개 와 관련 된 부상 을 입 은 A & E 부서 에 1 , 417 명 의 사람 들 이 도착 했으며 그 중 255 명 이 어린이 라고 들 었 습니다 .	위원회 는 그 레이터 글래스고 와 클라이드 에서 만 작년 에 개 와 관련 된 부상 을 입 은 A & E 부서 에 1 , 417 명 의 사람 들 이 도착 했으며 그 중 255 명 이 어린이 라고 들 었 습니다 .	0.0
30	31	NHS 라나 크 셔 는 912 명 과 NHS 아이 어셔 439 명 을 치료 했 는데 , 둘 다 4 년 만 에 최고 치였 다 .	NHS 라나 크 셔 는 912 명 과 NHS 아이 어셔 439 명 을 치료 했 는데 , 둘 다 4 년 만 에 최고 치였 다 .	0.0
31	32	7 월 에 위원회 의 MSP 는 현재 의 개 통제 법안 이 목적 에 맞 지 않 는다고 결론짓 고 스코틀랜드 정부 에 모든 개 통제법 에 대한 종합 적 인 검토 를 실시 할 것 을 요구 했 다 .	7 월 에 위원회 의 MSP 는 현재 의 개 통제 법안 이 목적 에 맞 지 않 는다고 결론짓 고 스코틀랜드 정부 에 모든 개 통제법 에 대한 종합 적 인 검토 를 실시 할 것 을 요구 했 다 .	0.0
32	33	"Convener Jenny Marra 는 "" 스코틀랜드 의 개 법 은 목적 에 맞 지 않 습니다 ."	"Convener Jenny Marra 는 "" 스코틀랜드 의 개 법 은 목적 에 맞 지 않 습니다 ."	0.0
33	34	여전히 어린이 들 에 대한 개 공격 이 너무 많 고 이러 한 공격 을 막 을 수 있 는 현재 의 법 에 대한 시행 이나 이해 는 거의 없 다 .	"아직 어린이 들 에 대한 개 공격 이 너무 많 고 이러 한 공격 을 막 을 수 있 는 현행 법 에 대한 집행 이나 이해 는 거의 없 다 . """	0.1515
34	35	""" 현재 의 개 관리법 이 통하 지 않 는 것 이 분명 해졌 다 ."	""" 현재 의 개 관리법 이 통하 지 않 는 것 이 분명 해졌 다 ."	0.0
35	36	통제 불능 과 위험 한 개 들 이 제대로 대처 할 수 있 도록 긴급히 개혁 이 필요 하 고 , 우리 아이 들 이 개 에게 다치 는 것 을 막 는 시스템 으로 옮겨갈 수 있 도록 노력 할 수 있 다고 말 했 다 .	통제 불능 과 위험 한 개 들 이 제대로 대처 할 수 있 도록 긴급히 개혁 이 필요 하 고 , 우리 아이 들 이 개 에게 다치 는 것 을 막 는 시스템 으로 옮겨갈 수 있 도록 노력 할 수 있 다고 말 했 다 .	0.0
36	37	"금요일 정부 웹 사이트 에서 시작 된 이 협의 는 "" 스코틀랜드 전역 의 효과 적 이 고 일관 된 시행 은 통제 불능 의 개 와 관련 된 문제 들 을 해결 하 는 데 근본 적 인 것 이 다 ."	"금요일 정부 웹 사이트 에서 시작 된 이 협의 는 "" 스코틀랜드 전역 의 효과 적 이 고 일관 된 시행 은 통제 불능 개 와 관련 된 문제 를 해결 하 는 데 기본 "" 이라고 말 합니다 ."	0.225
37	38	""" 이번 검토 는 지역 사회 를 안 전하 게 지키 기 위해 권한 을 행사 하 기 때문 에 지방 당국 과 같 은 집행 기관 을 돕 기 위해 취할 수 있 는 조치 에 초점 을 맞추 고 있 다 . """	""" 이번 검토 는 지역 사회 를 안 전하 게 지키 기 위해 권한 을 행사 하 기 때문 에 지방 당국 과 같 은 집행 기관 을 돕 기 위해 취할 수 있 는 조치 에 초점 을 맞추 고 있 다 . """	0.0
38	39	HSBC , 범죄 현장 조사 도구 뒤집기	HSBC , 범죄 현장 조사 도구 뒤집기	0.0
39	40	영국 은행 HSBC ( HSBA ) . L ) 은 돈세탁 스캔들 로 인해 구축 해야 했 던 금융 범죄 탐지 알고리즘 을 새로운 사업 기회 를 엿볼 수 있 는 알고리즘 으로 전환 했 다고 은행 간부 들 은 말 했 다 .	영국 은행 HSBC ( HSBA ) . L ) 은 돈세탁 스캔들 로 인해 구축 해야 했 던 금융 범죄 탐지 알고리즘 을 새로운 사업 기회 를 엿볼 수 있 는 알고리즘 으로 전환 했 다고 은행 간부 들 은 말 했 다 .	0.0
40	41	이 시스템 은 고객 의 은행 활동 에 대한 데이터 와 회사 소유 및 이 사직 에 대한 공개 데이터 를 결합 하 여 바람직 한 잠재 고객 을 HSBC 직원 에게 플래그 하 고 기존 관계 를 통해 고객 과 연결 할 수 있 는 방법 을 제공 한다 .	이 시스템 은 고객 의 은행 활동 에 대한 데이터 와 회사 소유 및 이 사직 에 대한 공개 데이터 를 결합 하 여 바람직 한 잠재 고객 을 HSBC 직원 에게 플래그 하 고 기존 관계 를 통해 고객 과 연결 할 수 있 는 방법 을 제공 합니다 .	0.0196
41	42	데이터 와 인공지능 을 사용 하 여 수익 을 높이 려는 것 은 HSBC 가 대 규모 물리 적 네트워크 와 클라이언트 데이터 에서 더 많 은 것 을 짜내 려는 광범위 한 노력 의 일환 이 며 , 이 는 임시 최고 경영자 인 노엘 퀸 의 핵심 우선 순위 다 .	데이터 와 인공지능 을 사용 하 여 수익 을 높이 려는 것 은 HSBC 가 대 규모 물리 적 네트워크 와 클라이언트 데이터 에서 더 많 은 것 을 짜내 려는 광범위 한 노력 의 일환 이 며 , 이 는 임시 최고 경영자 인 노엘 퀸 의 핵심 우선 순위 다 .	0.0
42	43	"스튜어트 니비 슨 HSBC 글로벌 고객 네트워크 뱅킹 대표 는 "" 금융 범죄 예방 에 대한 투자 의 첫 상업 적 용도 중 하나 이 며 , 우리 가 이런 식 으로 얻 고 있 는 사업 은 본질 적 으로 위험 도 가 낮 고 이기 기 더 빠르 다 "" 고 말 했 다 ."	"스튜어트 니비 슨 HSBC 글로벌 고객 네트워크 뱅킹 대표 는 "" 금융 범죄 예방 에 대한 투자 의 첫 상업 적 용도 중 하나 이 며 , 우리 가 이런 식 으로 얻 고 있 는 사업 은 본질 적 으로 위험 도 가 낮 고 이기 기 더 빠르 다 "" 고 말 했 다 ."	0.0
43	44	"HSBC 는 새 제도 로 얼마나 벌 것 으로 기대 되 는지 에 대해서 는 언급 을 회피 했 지만 , 광범위 한 "" 네트워크 소득 "" 이니셔티브 가 이미 수억 달러 의 추가 수익 을 창출 했 다고 말 했 다 ."	"HSBC 는 새 제도 로 얼마나 벌 것 으로 기대 되 는지 에 대해서 는 언급 을 회피 했 지만 , 광범위 한 "" 네트워크 소득 "" 이니셔티브 가 이미 수억 달러 의 추가 수익 을 창출 했 다고 말 했 다 ."	0.0
44	45	이 드라이브 는 일부 분석가 들 과 투자자 들 이 자본 비용 보다 낮 은 수익 을 내 는 미국 처럼 시장 을 축소 하 거나 퇴장 시켜야 한다고 말 하 는 상황 에서 은행 이 세계 적 인 존재 를 방어 하 기 위한 노력 의 중요 한 부분 이 다 .	이 드라이브 는 일부 분석가 들 과 투자자 들 이 자본 비용 보다 낮 은 수익 을 내 는 미국 처럼 시장 을 축소 하 거나 퇴장 시켜야 한다고 말 하 는 상황 에서 은행 이 세계 적 인 존재 를 방어 하 기 위한 노력 의 중요 한 부분 이 다 .	0.0
45	46	HSBC 는 2012 년 멕시코 단위 를 통해 마약 카르텔 에 의한 돈세탁 을 막 지 못한 것 에 대해 미국 당국 과 19 억 달러 의 합의금 의 일환 으로 금융 범죄 준수 에 수억 달러 를 투자 할 수 밖에 없 었 다 .	HSBC 는 2012 년 멕시코 부대 를 통해 마약 카르텔 에 의한 돈세탁 을 막 지 못한 것 에 대해 미국 당국 과 19 억 달러 의 합의금 의 일환 으로 수억 달러 를 금융 범죄 준수 에 투자 할 수 밖에 없 었 다 .	0.0435
46	47	"이 시스템 은 개별 고객 "" 과 회사 들 이 서로 연결 한 다음 , 특이 한 거래 패턴 을 찾 거나 이전 에 알려 지 지 않 았 던 엔 티티 들 사이 의 연결 을 찾아내 는 것 으로 작동 한다 ."	이 시스템 은 개별 고객 과 회사 가 서로 연결 되 도록 매핑 한 다음 비 정상 적 인 거래 패턴 을 찾 거나 이전 에 알려 지 지 않 은 엔 티티 간 의 연결 을 발굴 하 여 작동 합니다 .	0.4419
47	48	""" 이 시스템 은 이미 400 명 이상 의 직원 을 수동 으로 거래 와 기록 을 확인 하 는 것 에서 고객 을 돕 는 데 시간 을 보낼 수 있 는 고객 대면 역할 로 자유 롭 게 해 주 었 다 "" 고 HSBC 무역 사업 의 최고 운영 책임자 인 Adrian Rigby 는 말 했 다 ."	""" 이 시스템 은 이미 400 명 이상 의 직원 을 수동 으로 거래 와 기록 을 확인 하 는 것 에서 고객 을 돕 는 데 시간 을 보낼 수 있 는 고객 대면 역할 로 자유 롭 게 해 주 었 다 "" 고 HSBC 무역 사업 의 최고 운영 책임자 인 Adrian Rigby 는 말 했 다 ."	0.0
48	49	"HSBC 의 니 비슨 은 전구 순간 이 이 도구 가 잘못 된 행위 의 "" 붉 은 깃발 "" 이 아니 라 매력 적 인 잠재 적 고객 들 의 "" 녹색 깃발 "" 을 찾 기 위해 용도 변경 될 수 있 다는 것 을 깨닫 고 있 다고 말 했 다 ."	"HSBC 의 니 비슨 은 전구 순간 이 이 도구 가 잘못 된 행위 의 "" 붉 은 깃발 "" 이 아니 라 매력 적 인 잠재 적 고객 들 의 "" 녹색 깃발 "" 을 찾 기 위해 용도 변경 될 수 있 다는 것 을 깨닫 고 있 다고 말 했 다 ."	0.0
49	50	"니 비슨 은 "" 고객 데이터 세트 를 취해서 ( 영국 의 ) 컴퍼니 하우스 데이터 와 결합 해 고객 의 매력 을 찾 기 위해 알고리즘 을 돌려서 업종 , 기업 의 성장 , 기존 고객 과 의 연결 을 통해 고객 의 매력 을 찾 았 다 "" 고 말 했 다 ."	"니 비슨 은 "" 고객 데이터 세트 를 취해서 ( 영국 의 ) 컴퍼니 하우스 데이터 와 결합 해 고객 의 매력 을 찾 기 위해 알고리즘 을 돌려서 업종 , 기업 의 성장 , 기존 고객 과 의 연결 을 통해 고객 의 매력 을 찾 았 다 "" 고 말 했 다 ."	0.0
50	51	이 도구 는 영국 내 2 , 250 만 개 의 기업 과 사람 들 을 지도 화 했으며 , 3 분 안 에 직원 한 명 이 수동 으로 지도 를 작성 하 는 데 3 시간 이 걸렸 을 연결망 을 확인 할 수 있 다고 그 는 말 했 다 .	이 도구 는 영국 내 2 , 250 만 개 의 기업 과 사람 들 을 지도 화 했으며 , 3 분 안 에 직원 한 명 이 수동 으로 지도 를 작성 하 는 데 3 시간 이 걸렸 을 연결망 을 확인 할 수 있 다고 그 는 말 했 다 .	0.0
51	52	클로이 카다시안 의 바람 피운 전 트리스탄 톰슨 은 그녀 의 인 스타 그램 사진 에 그녀 가 돌아오 기 를 원한다는 소문 이 난 후 필사 적 인 논평 을 남긴다 .	클로이 카다시안 의 바람 피운 전 트리스탄 톰슨 은 그녀 의 인 스타 그램 사진 에 그녀 가 돌아오 기 를 원한다는 소문 이 난 후 필사 적 인 논평 을 남긴다 .	0.0
52	53	KHLOE Kardashian 의 바람 피운 전 트리스탄 톰슨 은 그녀 가 돌아오 기 를 원한다는 소문 에 이 어 그녀 의 인 스타 그램 에 또 다른 필사 적 인 발언 을 남겼 다 .	KHLOE Kardashian 의 바람 피운 전 트리스탄 톰슨 은 그녀 가 돌아오 기 를 원한다는 소문 에 이 어 그녀 의 인 스타 그램 에 또 다른 필사 적 인 발언 을 남겼 다 .	0.0
53	54	35 세 의 이 스타 는 올해 초 , 그녀 가 그 들 의 딸 트루 를 임신 한 지 9 개월 때 바람 을 피운 가족 친구 조딘 우즈 와 바람 을 피운 혐의 로 기소 된 후 NBA 선수 를 영원히 차 버렸 다 .	35 세 의 이 스타 는 올해 초 , 그녀 가 그 들 의 딸 트루 를 임신 한 지 9 개월 때 바람 을 피운 가족 친구 조딘 우즈 와 바람 을 피운 혐의 로 기소 된 후 NBA 선수 를 영원히 차 버렸 다 .	0.0
54	55	트리스탄 은 클로이 의 인 스타 그램 에 또 다른 칭찬 을 남기 는 모습 이 포착 됐 다 .	트리스탄 은 클로이 의 인 스타 그램 에 또 다른 칭찬 을 남기 는 모습 이 포착 됐 다 .	0.0
55	56	하지만 28 세 의 트리스탄 은 전처 의 최근 셀카 에 대해 움츠러들 만 한 칭찬 을 남기 며 싸움 없이 포기 하 기 를 거부 하 고 있 다 .	그러나 28 세 의 트리스탄 은 전처 의 최근 셀카 에 대해 움츠러들 만 한 칭찬 을 남기 며 싸움 없이 포기 하 기 를 거부 하 고 있 다 .	0.0323
56	57	"흐릿 한 스냅 속 에서 클로이 는 떠오르 는 태양 앞 에 서 있 는데 , 한 아이 의 엄마 가 사진 을 자막 으로 장식 하 고 있 다 : "" 꿈 을 꾸 는 모든 꿈 을 탐구 할 용기 가 있 기 를 . """	"흐릿 한 스냅 속 에서 클로이 는 떠오르 는 태양 앞 에 서 있 는데 , 한 아이 의 엄마 가 사진 을 자막 으로 장식 하 고 있 다 : "" 꿈 을 꾸 는 모든 꿈 을 탐구 할 용기 가 있 기 를 . """	0.0
57	58	"공개 적 으로 논평 하 면서 트리스탄 은 다음 과 같이 썼 다 . "" 태양 은 아름다운 [ 다이아몬드 이 모지 ] 에 밝 게 빛나 고 있 다 . """	"공개 적 으로 논평 하 면서 트리스탄 은 다음 과 같이 썼 다 . "" 태양 은 아름다운 [ 다이아몬드 이 모지 ] 에 밝 게 빛나 고 있 다 . """	0.0
58	59	"팬 들 은 이 말 에 격분 했 고 , 한 대답 은 "" 그래 , 네 가 드롭 시킨 다이아몬드 야 . """	"팬 들 은 이 말 에 격분 했 고 , 한 대답 은 "" 그래 , 네 가 드롭 시킨 다이아몬드 야 . """	0.0
59	60	트리스탄 은 임신 9 개월 때 클로이 를 속였 다 .	트리스탄 은 임신 9 개월 때 클로이 를 속였 다 .	0.0
60	61	"또 다른 조언 : "" 인 스타 그램 에서 내려 . """	"또 다른 조언 : "" 인 스타 그램 에서 내려 . """	0.0
61	62	"세 번 째 글 은 "" 클로이 에게 속지 마라 . """	"세 번 째 글 은 "" 클로이 에게 속지 마라 . """	0.0
62	63	"트리스탄 이 쓴 지 불과 며칠 만 에 나온 것 이 다 : 리얼리티 스타 들 중 한 명 아래 에 있 는 하트 아이 이모티콘 과 함께 "" 완벽 함 "" 은 그녀 가 추측 장 스 를 위해 모델링 하 는 것 을 본 것 이 다 ."	"트리스탄 이 쓴 지 불과 며칠 만 에 나온 것 이 다 : 리얼리티 스타 들 중 한 명 아래 에 있 는 하트 아이 이모티콘 과 함께 "" 완벽 함 "" 은 그녀 가 추측 장 스 를 위해 모델링 하 는 것 을 본 것 이 다 ."	0.0
63	64	이달 초 더 선 은 트리스탄 이 드레이크 의 조언 에 따라 클로이 를 되찾 기 위해 40 만 파운드 의 포르쉐 를 샀 다고 밝혔 다 .	이달 초 더 선 은 트리스탄 이 드레이크 의 조언 에 따라 클로이 를 되찾 기 위해 40 만 파운드 의 포르쉐 를 샀 다고 밝혔 다 .	0.0
64	65	그 는 올해 초 카다시안 가족 친구 조딘 우즈 와 다시 부정행위 를 한 혐의 로 기소 되 었 다 .	그 후 그 는 올해 초 카다시안 가족 친구 조딘 우즈 와 다시 부정행위 를 한 혐의 로 기소 되 었 다 .	0.087
65	66	"그 는 래퍼 친구 로부터 "" 파워 동작 "" 을 당겨야 한다는 권유 를 받 은 후 911 로 생각 되 는 굽실거리 는 선물 에 정착 했 다 ."	"그 는 래퍼 친구 로부터 "" 파워 동작 "" 을 당겨야 한다는 권유 를 받 은 후 911 로 생각 되 는 굽실거리 는 선물 에 정착 했 다 ."	0.0
66	67	그 결과 , 친구 들 은 트리스탄 이 클로에 로부터 자신 의 저택 에서 열린 ' 타코 화요일 ' 만찬 에 초대 받 기 도 했 다고 말 했 는데 , 이 는 그 를 리얼리티 스타 와 그 들 의 17 개월 된 딸 트루 와 의 재회 에 한 걸음 더 다가서 게 했 다 .	그 결과 , 친구 들 은 트리스탄 이 클로에 로부터 자신 의 저택 에서 열린 ' 타코 화요일 ' 만찬 에 초대 받 기 도 했 다고 말 했 는데 , 이 는 그 를 리얼리티 스타 와 그 들 의 17 개월 된 딸 트루 와 의 재회 에 한 걸음 더 다가서 게 했 다 .	0.0
67	68	"한 소식통 은 "" 트리스탄 은 드레이크 와 좋 은 친구 "" 라며 "" 크 라 다시 안 폴드 로 복귀 할 계획 을 세우 면서 그 를 사운드 보드 로 사용 해 왔 다 "" 고 말 했 다 ."	"한 소식통 은 "" 트리스탄 은 드레이크 와 좋 은 친구 "" 라며 "" 크 라 다시 안 폴드 로 의 복귀 를 계획 하 면서 그 를 사운드 보드 로 사용 해 왔 다 "" 고 말 했 다 ."	0.0976
68	69	클로이 는 트리스탄 의 부정행위 로 가슴 이 아팠 다 .	클로이 는 트리스탄 의 부정행위 로 가슴 이 아팠 다 .	0.0
69	70	""" 드레이크 는 클로이 를 되찾 고 싶 으면 모든 정거장 을 철수 하 라고 했 다 ."	""" 드레이크 는 클로이 를 되찾 고 싶 으면 모든 정거장 을 철수 하 라고 했 어 . """	0.1053
70	71	""" 캐주얼 한 저녁 식사 에 초대 하 는 것 은 매끈 한 슈퍼카 를 위한 합리 적 인 거래 처럼 들리 지 않 을 수 도 있 다 ."	""" 무심코 저녁 식사 에 초대 하 는 것 은 매끈 한 슈퍼카 를 위한 합리 적 인 거래 처럼 들리 지 않 을 수 도 있 다 . """	0.1
71	72	""" 하지만 트리스탄 이 한 짓 을 보 고 나 서 클로이 가 자신 을 위해 레드카 펫 을 걷 어 낼 거 라고 는 기대 할 수 없 어 . """	""" 하지만 트리스탄 이 한 짓 을 보 고 나 서 클로이 가 자신 을 위해 레드카 펫 을 걷 어 낼 거 라고 는 기대 할 수 없 어 . """	0.0
72	73	그 커플 은 17 개월 된 트루 에게 엄마 와 아빠 다 .	그 커플 은 17 개월 된 트루 에게 엄마 와 아빠 다 .	0.0
73	74	클로이 카다시안 은 카다시안 시리즈 16 트레일러 에서 남자 친구 트리스탄 톰슨 을 속이 는 것 에 눈물 을 흘리 며 비명 을 지른다 .	클로이 카다시안 은 카다시안 시리즈 16 트레일러 에서 남자 친구 트리스탄 톰슨 을 속이 는 것 에 눈물 을 흘리 며 비명 을 지른다 .	0.0
74	75	"선 은 지난달 트리스탄 이 클로이 를 그리스 로 로맨틱 한 여행 을 초대 할 계획 이 라고 밝혔 다 . "" 가족 을 되찾 을 것 이 다 . """	"선 은 지난달 트리스탄 이 클로이 를 그리스 로 로맨틱 한 여행 을 초대 할 계획 이 라고 밝혔 다 . "" 가족 을 되찾 을 것 이 다 . """	0.0
75	76	클로이 는 그 들 의 로맨스 내내 트리스탄 의 거듭 된 부정행위 로 가슴 이 아팠 지만 , 올해 초 딸 트루 의 첫 생일 파티 에 그 를 초대 했 다 .	클로이 는 그 들 의 로맨스 내내 트리스탄 의 거듭 된 부정행위 로 가슴 이 아팠 지만 , 올해 초 딸 트루 의 첫 생일 파티 에 그 를 초대 했 다 .	0.0
76	77	그러나 이 스타 의 가족 리얼리티 쇼인 ' 카다시안 과 함께 지내 기 ' 는 나중 에 클로이 가 그 의 부정행위 를 받아들이 려고 애쓰 면서 이 행사 가 눈물 을 흘리 며 끝 났 다는 것 을 보여 주 었 다 .	그러나 이 스타 의 가족 리얼리티 쇼인 ' 카다시안 과 함께 지내 기 ' 는 나중 에 클로이 가 그 의 부정행위 를 받아들이 려고 애쓰 면서 이 행사 가 눈물 을 흘리 며 끝 났 다는 것 을 보여 주 었 다 .	0.0
77	78	사랑 스러운 사진 들 은 갓 태어난 코뿔소 가 그녀 의 어머니 를 비비 고 새로운 집 을 탐험 하 는 것 을 보여준다 .	사랑 스러운 사진 들 은 갓 태어난 코뿔소 가 그녀 의 어머니 를 비비 고 새로운 집 을 탐험 하 는 것 을 보여준다 .	0.0
78	79	베이비 스텔라 는 이달 초 옥스퍼드셔 코츠 월드 야생동물 공원 에서 세계 로 환영 을 받 았 으며 , 부모 몬티 와 루비 사이 에서 태어난 최초 의 여성 이 다 .	베이비 스텔라 는 이달 초 옥스퍼드셔 코츠 월드 야생동물 공원 에서 세계 로 환영 을 받 았 으며 , 부모 몬티 와 루비 사이 에서 태어난 최초 의 여성 이 다 .	0.0
79	80	건강 하 고 간호 도 잘 하 는 이 젊은이 는 어머니 와 함께 짚 밭 위 에 쉬 기 전 에 그녀 의 울타리 에 대해 궁금해하 는 모습 을 볼 수 있 다 .	건강 하 고 간호 도 잘 하 는 이 젊은이 는 어머니 와 함께 짚 밭 위 에 쉬 기 전 에 그녀 의 울타리 에 대해 궁금해하 는 모습 을 볼 수 있 다 .	0.0
80	81	어머니 루비 는 몬티 와 함께 공원 최초 의 송아지 를 생산 하 기 를 바라 며 낸 시라 는 또 다른 여성 과 함께 2009 년 에 야생 동물 공원 에 합류 했 습니다 .	어머니 루비 는 몬티 와 함께 공원 최초 의 송아지 를 생산 하 기 를 바라 며 낸 시라 는 또 다른 여성 과 함께 2009 년 에 야생 동물 공원 에 합류 했 습니다 .	0.0
81	82	낸시 는 2013 년 아스트리드 라는 여성 을 낳 았 고 , 스텔라 는 49 년 역사 상 이 공원 에서 태어난 세 번 째 여성 송아지 가 되 었 다 .	낸시 는 2013 년 아스트리드 라는 여성 을 낳 았 고 , 스텔라 는 49 년 역사 상 이 공원 에서 태어난 세 번 째 여성 송아지 가 되 었 다 .	0.0
82	83	코츠 월드 야생 동물 공원 의 큐레이터 인 제이미 크레이그 는 말 했 다 : ' 우리 는 현재 의 코뿔소 무리 로 엄청난 성공 을 거두 었 다 .	"코츠 월드 야생 동물 공원 의 큐레이터 인 제이미 크레이그 는 말 했 다 : ' 우리 는 현재 의 코뿔소 무리 로 엄청난 성공 을 거두 었 다 . """	0.0323
83	84	스텔라 는 낸 시 와 루비 출신 의 여섯 번 째 젊은이 로 우리 의 황소 몬티 는 훌륭 한 아빠 임 이 증명 되 었 다 .	“ 스텔라 는 낸 시 와 루비 의 여섯 번 째 젊은이 고 , 우리 황소 몬티 는 훌륭 한 아빠 로 판명 되 었 어 . ”	0.3571
84	85	' 그 는 지배 적 인 황소 와 자상 한 가부장 의 완벽 한 조합 이 다 .	“ 그 는 지배 적 인 황소 와 배려 하 는 가부장 제 의 완벽 한 조합 입니다 . ”	0.4
85	86	' 루비 가 암컷 송아지 를 생산 했 다는 것 은 특히 만족 스럽 다 . 이것 들 은 번식 프로그램 의 개발 에 필수 적 이 며 스텔라 는 결국 성공 적 인 엄마 가 되 기 를 바라 며 또 다른 컬렉션 으로 옮겨갈 것 이 다 . '	""" 루비 가 암컷 송아지 를 생산 했 다는 것 은 특히 만족 스러운 일 이 다 . 이것 들 은 번식 프로그램 의 개발 에 필수 적 이 며 스텔라 는 결국 성공 적 인 엄마 가 되 기 를 바라 며 또 다른 수집 품 으로 옮겨갈 것 이 다 . """	0.1296
86	87	루비 는 2015 년 이안 , 2017 년 앨런 등 두 아들 을 둔 적 이 있 다 .	루비 는 2015 년 이안 , 2017 년 앨런 등 두 아들 을 둔 적 이 있 다 .	0.0
87	88	앨런 은 이안 이 이탈리아 토리노 동물원 에 있 는 동안 여전히 공원 에 있 다 .	앨런 은 이안 이 이탈리아 토리노 동물원 에 있 는 동안 여전히 공원 에 있 다 .	0.0
88	89	앨런 이 겨우 1 주일 이 었 을 때 그 는 몸무게 가 11 석 정도 나갔 다 .	앨런 이 겨우 1 주일 이 었 을 때 그 는 몸무게 가 11 석 정도 나갔 다 .	0.0
89	90	감금 되 어 있 는 출생 은 극히 드문 것 으로 간주 된다 .	감금 되 어 있 는 출생 은 극히 드문 것 으로 간주 된다 .	0.0
90	91	암컷 은 2 년 반 에서 5 년 마다 번식 하 기 때문 에 성공 적 인 번식 을 위한 기회 의 창 은 제한 되 어 있 습니다 .	암컷 은 2 년 반 에서 5 년 마다 번식 하 기 때문 에 성공 적 인 번식 을 위한 기회 의 창 은 제한 되 어 있 습니다 .	0.0
91	92	공원 에 따르 면 , 전형 적 인 임신 기간 은 16 개월 에서 18 개월 사이 에 지속 되 며 , 그 후 한 마리 의 송아지 가 태어난다 .	공원 에 따르 면 , 전형 적 인 임신 기간 은 16 개월 에서 18 개월 사이 에 지속 되 며 , 그 후 한 마리 의 송아지 가 태어난다 .	0.0
92	93	코끼리 의 22 개월 임신 기간 에 의해서 만 능가 하 는 모든 육지 포유류 중 가장 긴 임신 기간 으로 간주 됩니다 .	코끼리 의 22 개월 임신 기간 에 의해서 만 능가 하 는 모든 육지 포유류 중 가장 긴 임신 기간 으로 간주 됩니다 .	0.0
93	94	갓 태어난 코뿔소 송아지 가 태어난 지 한 시간 안 에 일어설 것 이 다 .	갓 태어난 코뿔소 송아지 가 태어난 지 한 시간 안 에 일어설 것 이 다 .	0.0
94	95	일단 태어나 면 , 송아지 는 즉시 빨아들이 려고 시도 할 것 이 다 . 비록 그나 그녀 가 처음 며칠 동안 그 들 의 발 에 약간 불 안정 할 수 도 있 다 .	일단 태어나 면 , 송아지 는 즉시 빨아들이 려고 시도 할 것 이 다 . 비록 그나 그녀 가 처음 며칠 동안 그 들 의 발 에 약간 불 안정 할 수 도 있 다 .	0.0
95	96	그것 은 약 1 년 동안 어머니 로부터 빨아들이 면서 어머니 의 주 의 깊 은 눈 밑 에 남 아 있 을 것 이 다 .	그것 은 약 1 년 동안 어머니 로부터 빨아들이 면서 어머니 의 주 의 깊 은 눈 밑 에 남 아 있 을 것 이 다 .	0.0
96	97	그 들 의 유대 는 매우 강한 것 이 고 송아지 는 그녀 의 보호 로부터 이익 을 얻 으면서 적어도 2 년 동안 어머니 와 함께 있 을 것 이 다 .	그 들 의 유대 는 매우 강한 것 이 고 송아지 는 그녀 의 보호 로부터 이익 을 얻 으면서 적어도 2 년 동안 어머니 와 함께 있 을 것 이 다 .	0.0
97	98	암컷 은 공격 적 으로 자손 을 지키 고 도전 하 면 적 을 위협 하 고 있 다 .	암컷 은 공격 적 으로 자손 을 지키 고 도전 하 면 적 을 위협 하 고 있 다 .	0.0
98	99	세레나 윌리엄스 , 윔블던 코트 에 1 만 달러 벌금 부과	세레나 윌리엄스 , 윔블던 코트 에 1 만 달러 벌금 부과	0.0
99	100	테니스 전설 이 자 7 번 의 윔블던 챔피언 인 세레나 윌리엄스 는 라켓 으로 런던 연습장 을 훼손 한 혐의 로 1 만 달러 의 벌금 을 물 게 되 었 다 .	테니스 전설 이 자 7 번 의 윔블던 챔피언 인 세레나 윌리엄스 는 라켓 으로 런던 연습장 을 훼손 한 혐의 로 1 만 달러 의 벌금 을 물 게 되 었 다 .	0.0
100	101	윔블던 대회 를 주최 하 는 올 잉글랜드 클럽 은 윌리엄스 가 6 월 30 일 외부 법원 에서 열린 연습 라운드 에서 피해 를 입힌 것 으로 알려진 후 벌금 을 부과 했 다고 AP 통신 과 CNN 이 보도 했 다 .	윔블던 대회 를 주최 하 는 올 잉글랜드 클럽 은 윌리엄스 가 6 월 30 일 외부 법원 에서 열린 연습 라운드 에서 피해 를 입힌 것 으로 알려진 후 벌금 을 부과 했 다고 AP 통신 과 CNN 이 보도 했 다 .	0.0
101	102	37 세 의 테니스 스타 는 화요일 앨리슨 리스케 와 의 8 강전 에서 승리 한 후 기자 들 에게 연설 하 면서 벌금 을 면제 해 주 는 것 처럼 보였 다 .	37 세 의 테니스 스타 는 화요일 앨리슨 리스케 와 의 8 강전 에서 승리 한 후 기자 들 에게 연설 하 면서 벌금 을 면제 해 주 는 것 처럼 보였 다 .	0.0
102	103	""" 솔직히 말 해서 , 나 는 그것 에 대해 정말 생각 해 본 적 이 없 다 , "" 라고 그녀 는 벌금 에 대한 질문 에 말 했 다 ."	""" 솔직히 말 해서 , 나 는 그것 에 대해 정말 생각 해 본 적 이 없 다 , "" 라고 그녀 는 벌금 에 대한 질문 에 말 했 다 ."	0.0
103	104	방금 라켓 을 던졌 어요 .	방금 라켓 을 던졌 어요 .	0.0
104	105	벌금 을 물 었 어요 .	벌금 을 물 었 어요 .	0.0
105	106	윌리엄스 는 그것 이 어떻게 피해 를 입힐 수 있 었 는지 모른다고 말 했 다 .	윌리엄스 는 그것 이 어떻게 피해 를 입힐 수 있 었 는지 모른다고 말 했 다 .	0.0
106	107	"그녀 는 기자 들 에게 "" 내 말 은 , 네 가 나 에게 말 해준다면 , 나 는 그것 을 고맙 게 여길 것 같 아 , "" 라고 말 했 다 ."	"그녀 는 기자 들 에게 "" 내 말 은 , 네 가 나 에게 말 해준다면 , 나 는 그것 을 고맙 게 여길 것 같 아 , "" 라고 말 했 다 ."	0.0
107	108	내 말 은 , 나 는 항상 내 마음 속 에 어벤져스 였 다 .	""" 내 말 은 , 나 는 항상 마음속 의 어벤져스 였 소 ."	0.4286
108	109	어쩌면 내 가 아주 강 할지 도 모르 지 .	어쩌면 내 가 아주 강 할지 도 모르 지 .	0.0
109	110	나 도 몰라 .	"나 도 몰라 . """	0.2
110	111	윌리엄스 는 윔블던 8 번 째 우승 을 차지 했 는데 , 이것 은 그녀 의 24 번 째 그랜드 슬램 우승 이 될 것 이 다 .	윌리엄스 는 윔블던 8 번 째 우승 을 차지 했 는데 , 이것 은 그녀 의 24 번 째 그랜드 슬램 우승 이 될 것 이 다 .	0.0
111	112	그녀 는 목요일 체코 선수 바르보라 스트로 코바 와 의 단식 준결승 에 진출 하 고 있 다 .	그녀 는 목요일 체코 선수 바르보라 스트로 코바 와 의 단식 준결승 에 진출 하 고 있 다 .	0.0
112	113	윌리엄스 는 지난해 US 오픈 에서 코치 와 불법 소통 했 다고 비난 한 심판 에 맞서 자신 을 방어 한 뒤 총 17 , 000 달러 의 벌금 을 부과 받 았 다 .	윌리엄스 는 지난해 US 오픈 에서 코치 와 불법 소통 했 다고 비난 한 심판 에 맞서 자신 을 방어 한 뒤 총 17 , 000 달러 의 벌금 을 부과 받 았 다 .	0.0
113	114	"그 사건 동안 심판 은 윌리엄스 에게 3 가지 코드 위반 을 발표 했 다 . 하나 는 불법 코칭 을 받 은 것 , 하나 는 좌절감 으로 테니스 라켓 을 깨뜨린 것 , 그리고 3 분 의 1 은 심판 과 대치 하 고 그 를 "" 도둑 "" 이라고 불렀 다 ."	"그 사건 동안 심판 은 윌리엄스 에게 3 가지 코드 위반 을 발표 했 다 . 하나 는 불법 코칭 을 받 은 것 , 하나 는 좌절감 으로 테니스 라켓 을 깨뜨린 것 , 그리고 3 분 의 1 은 심판 과 대치 하 고 그 를 "" 도둑 "" 이라고 불렀 다 ."	0.0
114	115	윌리엄스 ' 의 많 은 팬 들 은 심판 이 그녀 에 대한 그 의 반응 에서 불 필요 하 게 가혹 하 다고 주장 했 는데 , 특히 스포츠 역사 상 남자 선수 들 의 붕괴 를 고려 하 면 더욱 그렇 다 .	윌리엄스 의 많 은 팬 들 은 심판 이 그녀 에 대한 그 의 반응 에서 불 필요 하 게 가혹 하 다고 주장 했 는데 , 특히 스포츠 역사 상 남자 선수 들 의 붕괴 를 고려 하 면 더욱 그렇 다 .	0.0227
115	116	""" 그 보다 훨씬 더 나쁜 짓 을 하 는 남자 가 얼마나 많 은지 아십니까 ? """	""" 그 보다 훨씬 더 나쁜 짓 을 하 는 남자 가 얼마나 많 은지 아십니까 ? """	0.0
116	117	윌리엄스 는 심판 과 의 대결 이후 경기 도중 코트 에 들어간 US 오픈 관계자 들 에게 말 했 다 .	윌리엄스 는 심판 과 의 대결 이후 경기 도중 코트 에 들어간 US 오픈 관계자 들 에게 말 했 다 .	0.0
117	118	윌리엄스 만 이 올해 윔블던 에서 벌금 을 물 었 던 것 은 아니 었 지만 , 그녀 의 것 이 가장 비싸 다 .	윌리엄스 만 이 올해 윔블던 에서 벌금 을 물 었 던 것 은 아니 었 지만 , 그녀 의 것 이 가장 비싸 다 .	0.0
118	119	이탈리아 선수 파비오 포그니니 는 25 일 미국 선수 테니스 샌드 그 렌 에게 3 라운드 에서 패한 뒤 테니스장 에서 폭탄 이 터져야 한다고 말 해 3000 달러 의 벌금 을 부과 받 았 다 .	이탈리아 선수 파비오 포그니니 는 25 일 미국 선수 테니스 샌드 그 렌 에게 3 라운드 에서 패한 뒤 테니스장 에서 폭탄 이 터져야 한다고 말 해 3000 달러 의 벌금 을 부과 받 았 다 .	0.0
119	120	호주 의 닉 키 르 기오 스 는 스포츠맨 답 지 않 은 행동 으로 3 천 달러 에 1 초 에 5 천 달러 의 벌금 을 부과 받 았 다 .	호주 의 닉 키 르 기오 스 는 스포츠맨 답 지 않 은 행동 으로 3 천 달러 에 1 초 에 5 천 달러 의 벌금 을 부과 받 았 다 .	0.0
120	121	정치 시민 : 웨스트민스터 부서 에 대항 하 고 예의 를 표 하 는 정치인 들 을 인정 하 기 위해 설립 된 새로운 상 제도	정치 시민 : 웨스트민스터 부서 에 대항 하 고 예의 를 표 하 는 정치인 들 을 인정 하 기 위해 설립 된 새로운 상 제도	0.0
121	122	그 들 의 작품 에서 예의 를 표 하 는 정치인 들 을 인정 하 기 위한 새로운 상 계획 이 세워졌 다 .	그 들 의 작품 에서 예의 를 표 하 는 정치인 들 을 인정 하 기 위한 새로운 상 계획 이 세워졌 다 .	0.0
122	123	그것 은 의회 가 복귀 한 후 웨스트민스터 에서 분열 적 인 한 주 후 에 나온 것 이 다 .	그것 은 의회 가 복귀 한 후 웨스트민스터 에서 분열 적 인 한 주 후 에 나온 것 이 다 .	0.0
123	124	그것 은 하원 의원 에 대한 위협 과 보리스 존슨 총리 같 은 사람 들 이 사용 하 는 언어 에 대한 분노 로 특징지 어 졌 다 .	그것 은 하원 의원 에 대한 위협 과 보리스 존슨 총리 같 은 사람 들 이 사용 하 는 언어 에 대한 분노 로 특징지 어 졌 다 .	0.0
124	125	"이 부서 에 대항 하 기 위해 , 올해 의 정치인 이 자선 단체 에 기부 하 기 위해 3 , 000 파운드 를 받 게 되 는 "" 정치 의 시민 "" 상 이 금요일 에 발표 되 었 다 ."	"이 부서 에 대항 하 기 위해 , 올해 의 정치인 이 자선 단체 에 기부 하 기 위해 3 , 000 파운드 를 받 게 되 는 "" 정치 의 시민 "" 상 이 금요일 에 발표 되 었 다 ."	0.0
125	126	보리스 존슨 은 하원 에서 사용 했 던 언어 의 어조 로 비난 을 받 아 왔 다 .	보리스 존슨 은 하원 의원 실 에서 사용 했 던 언어 의 어조 로 비판 을 받 아 왔 다 .	0.1429
126	127	"스튜어트 경은 상 을 발표 하 면서 "" 영국 의 정치 가 신뢰 의 위기 와 예의 의 위기 에 직면 해 있 다는 것 에 모두 가 동의 한다 ."	"스튜어트 경은 상 을 발표 하 면서 "" 영국 의 정치 가 신뢰 의 위기 와 예의 의 위기 에 직면 해 있 다는 것 에 모두 가 동의 한다 "" 고 말 했 다 ."	0.1389
127	128	""" 브렉 시트 를 둘러싼 계속 되 는 논쟁 에서 분열 과 쓰라림 이 고조 되 면서 정치 는 이러 한 추세 를 반영 하 는 것 이 아니 라 이 를 물리침 으로써 대응 해야 한다고 강력히 믿 고 있 다 ."	"브렉 시트 를 둘러싼 계속 되 는 논쟁 에서 분열 과 쓰라림 이 고조 되 면서 정치 는 이런 추세 를 반영 하 는 것 이 아니 라 이 를 물리침 으로써 대응 해야 한다고 강 하 게 믿 고 있 다 . """	0.1364
128	129	""" 이 상 들 은 다른 정치 적 설득력 이 없 는 공공 생활 에서 한 무리 의 사람 들 이 품위 와 예의 범절 로 자신 들 의 주장 을 주장 하 는 정치인 들 에게 스포트라이트 를 비추 려는 작 은 시도 로 , 우리 모두 에게 영향 을 미치 는 분열 을 가로질러 사람 들 과 참여 하 고 일 할 수 있 다 . """	""" 이 상 들 은 다른 정치 적 설득력 이 없 는 공공 생활 에서 한 무리 의 사람 들 이 품위 와 예의 범절 로 자신 들 의 주장 을 주장 하 는 정치인 들 에게 스포트라이트 를 비추 려는 작 은 시도 로 , 우리 모두 에게 영향 을 미치 는 분열 을 가로질러 사람 들 과 참여 하 고 일 할 수 있 다 . """	0.0
129	130	내년 3 월 시상식 과 함께 토요일 에 후보작 이 열린다 .	내년 3 월 시상식 과 함께 토요일 에 후보작 이 열린다 .	0.0
130	131	"앰버 러드 전 내각 장관 은 오늘 스탠더드 와 의 단독 인터뷰 에서 존슨 전 총리 가 "" 폭력 을 조장 하 는 공격 적 인 언어 를 배치 했 다 "" 고 비난 했 다 . """	"앰버 러드 전 내각 장관 은 오늘 스탠더드 와 의 단독 인터뷰 에서 존슨 전 총리 가 "" 폭력 을 조장 하 는 공격 적 인 언어 를 배치 했 다 "" 고 비난 했 다 . """	0.0
131	132	"존슨 씨 는 하원 의원 들 에 대한 위협 을 "" 개탄 한다 "" 고 말 했 다 ."	"존슨 씨 는 하원 의원 들 에 대한 위협 을 "" 개탄 한다 "" 고 말 했 다 ."	0.0
132	133	제스 필립스 는 죽음 의 위협 을 받 은 후 ' 무서워 ' 했 다 .	제스 필립스 , ' 두려워 ' 죽음 의 위협 을 받 은 후 ' 무서워 '	0.4375
133	134	"존슨 씨 를 비판 한 또 다른 한 사람 인 노동당 제스 필립스 하원 의원 은 한 남자 가 자신 의 선거구 사무실 의 "" 문 을 두드리 려다가 "" 체포 되 었 다고 말 했 다 ."	"존슨 씨 를 비판 한 또 다른 한 사람 인 노동당 제스 필립스 하원 의원 은 한 남자 가 자신 의 선거구 사무실 의 "" 문 을 두드리 려다가 "" 체포 되 었 다고 말 했 다 ."	0.0
134	135	한편 자유민주당 조 스윈 슨 대표 는 어린 아이 들 중 한 명 에게 한 위협 에 따라 경찰 에 신고 했 다 .	한편 자유민주당 조 스윈 슨 대표 는 어린 아이 들 중 한 명 에게 한 위협 에 따라 경찰 에 신고 했 다 .	0.0
135	136	그리고 바이러스 성 트위터 실 에서 , 노동당 의 이베트 쿠퍼 의 딸 인 엘리 쿠퍼 는 콕스 여사 의 살인 사건 이후 어머니 에 대한 두려움 을 묘사 했 다 .	그리고 바이러스 성 트위터 실 에서 노동당 의 이베트 쿠퍼 하원 의원 의 딸 엘리 쿠퍼 는 콕스 여사 의 살인 사건 이후 어머니 에 대한 두려움 을 묘사 했 다 .	0.125
136	137	"그녀 는 존슨 씨 가 "" 의원 들 에게 폭력 을 조장 하 는 데 도움 이 되 는 언어 를 사용 한다 "" 고 비난 했 다 ."	"그녀 는 존슨 씨 가 "" 의원 들 에게 폭력 을 조장 하 는 데 도움 이 되 는 언어 를 사용 한다 "" 고 비난 했 다 ."	0.0
137	138	David Attenborough 는 동물 과 색깔 에 관한 새로운 다큐멘터리 를 작업 하 고 있 다 .	David Attenborough 는 동물 과 색깔 에 관한 새로운 다큐멘터리 를 작업 하 고 있 다 .	0.0
138	139	데이비드 애튼버러 는 93 세 지만 상징 적 인 자연 전문가 는 아직 속도 를 늦추 지 않 고 있 다 .	데이비드 애튼버러 는 93 세 지만 상징 적 인 자연 전문가 는 아직 속도 를 늦추 지 않 고 있 다 .	0.0
139	140	아니 , 그 의 획기 적 인 넷플릭스 다큐멘터리 ' 우리 행성 ' 의 성공 이후 , 많 은 사랑 을 받 고 있 는 이 스타 는 또 다른 시리즈 인 ' Life In Color ' 로 돌아올 예정 이 다 .	아니 , 그 의 획기 적 인 넷플릭스 다큐멘터리 ' 우리 행성 ' 의 성공 이후 , 많 은 사랑 을 받 고 있 는 이 스타 는 또 다른 시리즈 인 ' Life In Color ' 로 돌아올 예정 이 다 .	0.0
140	141	이번 에 는 두 아이 의 아버지 가 특히 프로그램 을 위해 만들 어 진 첨단 카메라 를 통해 동물 들 이 어떻게 그 들 의 삶 에서 색 을 사용 하 는지 살펴볼 것 이 다 .	이번 에 는 두 아이 의 아버지 가 특히 프로그램 을 위해 만들 어 진 첨단 카메라 를 통해 동물 들 이 어떻게 그 들 의 삶 에서 색 을 사용 하 는지 살펴볼 것 이 다 .	0.0
141	142	"BBC 는 이 스타 가 "" 일반 적 으로 인간 의 눈 에 보이 지 않 는 색깔 의 세계 "" 를 보여 주 는 것 을 목표 로 하 고 있 으며 , 그것 은 정말 매혹 적 으로 들린다고 밝혔 다 ."	"BBC 는 이 스타 가 "" 일반 적 으로 인간 의 눈 에 보이 지 않 는 색깔 의 세계 "" 를 보여 주 는 것 을 목표 로 하 고 있 으며 , 그것 은 정말 매혹 적 으로 들린다고 밝혔 다 ."	0.0
142	143	하지만 , 팬 들 이 다가오 는 개봉 을 열망 하 고 있 음 에 도 불구 하 고 , 우리 모두 는 2021 년 까지 스크린 에 떨어지 지 않 을 것 이 기 때문 에 꼼짝 않 고 앉 아 있 을 필요 가 있 는 것 같 다 .	하지만 , 팬 들 이 다가오 는 개봉 을 열망 하 고 있 음 에 도 불구 하 고 , 우리 모두 는 2021 년 까지 스크린 에 떨어지 지 않 을 것 이 기 때문 에 꼼짝 않 고 앉 아 있 을 필요 가 있 는 것 같 다 .	0.0
143	144	하지만 우리 는 그것 이 기다릴 가치 가 있 을 것 이 라고 확신 한다 .	하지만 우리 는 그것 이 기다릴 가치 가 있 을 것 이 라고 확신 한다 .	0.0
144	145	이달 초 , 데이비드 는 런던 에서 열린 명망 있 는 시상식 에서 TV 초이스 평생 공로상 을 받 았 다 .	이달 초 , 데이비드 는 런던 에서 열린 명망 있 는 시상식 에서 TV 초이스 평생 공로상 을 받 았 다 .	0.0
145	146	그 국보 가 그 의 경력 에 대해 수백만 달러 를 즐겁 게 해왔 는데 , 그것 은 지금 까지 60 년 동안 지속 되 어 왔 다 .	그 국보 가 그 의 경력 에 대해 수백만 달러 를 즐겁 게 해왔 는데 , 그것 은 지금 까지 60 년 동안 지속 되 어 왔 다 .	0.0
146	147	"기자 는 징 을 수집 할 때 "" 실제로 ."	"기자 는 징 을 수집 할 때 "" 실제로 ."	0.0
147	148	내 가 하 는 일 이 항상 재미있 지 는 않 고 , 때때로 사람 들 은 그 들 이 좋 아 하 지 않 는 것 들 을 듣 는다 !	"내 가 하 는 일 이 항상 재미있 지 는 않 고 , 때로 는 사람 들 이 싫 어 하 는 말 을 듣 는다 ! """	0.4286
148	149	""" 하지만 이것 은 영광 이 고 큰 기쁨 이 다 . """	""" 하지만 이것 은 영광 이 고 큰 기쁨 이 다 . """	0.0
149	150	"TV 초이스 는 우승자 에 대해 "" 데이비드 애튼버러 경은 영국 영웅 이 아니 라 세계 적 인 아이콘 이 다 . """	"TV 초이스 는 우승자 에 대해 "" 데이비드 애튼버러 경은 영국 영웅 이 아니 라 세계 적 인 아이콘 이 다 . """	0.0
150	151	이번 주 , 데이비드 는 극지 연구 선 의 이름 이 그 의 이름 을 따 서 다시 한 번 축하 받 았 다 .	이번 주 , 데이비드 는 극지 연구 선 의 이름 이 그 의 이름 을 따 서 다시 한 번 축하 받 았 다 .	0.0
151	152	이 스타 는 윌리엄 왕자 와 케이트 왕자 와 함께 머지 사이드 버 켄 헤드 에 있 는 캠멜 레어드 조선소 에서 명명식 을 가졌 다 .	이 스타 는 윌리엄 왕자 와 케이트 왕자 와 함께 머지 사이드 버 켄 헤드 에 있 는 캠멜 레어드 조선소 에서 명명식 을 가졌 다 .	0.0
152	153	"그 는 "" 세상 이 위대 하 고 큰 문제 에 직면 하 고 있 으며 , 그 문제 를 가장 잘 알 고 있 는 사람 들 이 이 세상 을 물려받 을 오늘날 의 젊은이 들 이 라는 것 은 여러분 중 누구 에게 도 새로운 소식 이 아니 다 ."	"그 는 "" 세상 이 위대 하 고 큰 문제 에 직면 하 고 있 으며 , 그 문제 를 가장 잘 알 고 있 는 사람 은 이 세상 을 물려받 을 오늘날 의 젊은이 들 이 라는 것 은 여러분 중 누구 에게 도 새로운 소식 이 아니 다 . "" 라고 말 했 다 ."	0.1379
153	154	""" 위대 한 문제 는 그것 을 해결 하 기 위해 훌륭 한 연구 와 사실 이 필요 하 다 ."	""" 위대 한 문제 는 그것 을 해결 하 기 위해 훌륭 한 연구 와 사실 이 필요 하 다 . """	0.0455
154	155	""" 이 놀라운 배 는 오늘 세상 을 마주 하 고 있 는 문제 들 을 다룰 과학 을 찾 고 , 사실 을 알아내 기 위해 , 그리고 내일 점점 더 그렇게 할 것 이 다 . """	""" 이 놀라운 배 는 오늘 세상 을 마주 하 고 있 는 문제 들 을 다룰 과학 을 찾 고 , 사실 을 알아내 기 위해 , 그리고 내일 점점 더 그렇게 할 것 이 다 . """	0.0
155	156	Life In Color 는 2021 년 BBC Two 에서 방영 될 것 으로 예상 되 며 넷플릭스 는 세계 적 인 권리 를 유지 할 것 이 라고 한다 .	Life In Color 는 2021 년 BBC Two 에서 방영 될 것 으로 예상 되 며 넷플릭스 는 세계 적 인 권리 를 유지 할 것 이 라고 한다 .	0.0
156	157	우크라 이나 스캔들 : 펠로 시 는 바 가 ' 잘못 된 ' 것 이 라고 말 한다 ; 전 미국 관리 들 은 조사 를 지지 한다 .	우크라 이나 스캔들 : 펠로 시 는 바 가 ' 잘못 된 ' 것 이 라고 말 한다 ; 전 미국 관리 들 은 조사 를 지지 한다 .	0.0
157	158	낸시 펠로시 하원 의장 은 28 일 ( 현지 시간 ) 윌리엄 바 미 법무 장관 이 우크라 이나 지도자 와 의 전화 통화 에 대해 도널드 트럼프 대통령 을 보호 하 기 위해 ' 잘못 된 ' 행동 을 했 다고 비난 해 탄핵 심문 으로 이어졌 다 .	낸시 펠로시 하원 의장 은 28 일 ( 현지 시간 ) 윌리엄 바 미 법무 장관 이 우크라 이나 지도자 와 의 전화 통화 에 대해 도널드 트럼프 대통령 을 보호 하 기 위해 ' 잘못 된 ' 행동 을 했 다고 비난 해 탄핵 심문 으로 이어졌 다 .	0.0
158	159	캘리포니아 민주당 의 발언 은 신원 미상 의 정보 당국자 가 마이클 앳킨슨 정보 공동체 감찰관 에게 제출 한 고소장 이 목요일 공개 된 데 이 은 것 이 다 .	캘리포니아 민주당 의 발언 은 신원 미상 의 정보 당국자 가 마이클 앳킨슨 정보 공동체 감찰관 에게 제출 한 고소장 이 목요일 공개 된 데 이 은 것 이 다 .	0.0
159	160	앳킨슨 은 그것 을 조셉 맥과이어 국가 정보 국장 에게 넘겼 다 .	앳킨슨 은 그것 을 조셉 맥과이어 국가 정보 국장 에게 넘겼 다 .	0.0
160	161	트럼프 변호사 루돌프 줄리아니 처럼 7 월 25 일 전화 통화 에서 바 는 여러 차례 언급 된다 .	트럼프 변호사 루돌프 줄리아니 처럼 7 월 25 일 전화 통화 에서 바 는 여러 차례 언급 된다 .	0.0
161	162	"고소장 은 백악관 관계자 들 이 통화 기록 을 "" 잠그 려고 "" 시도 할 정도 로 우려 했 다고 말 한다 ."	"고소장 은 백악관 관계자 들 이 통화 기록 을 "" 잠그 려고 "" 시도 할 정도 로 우려 했 다고 말 한다 ."	0.0
162	163	"펠로시 는 MSNBC 와 의 인터뷰 에서 "" 바 가 악당 이 됐 다 "" 고 말 했 다 ."	"펠로시 는 MSNBC 와 의 인터뷰 에서 "" 바 가 악당 이 됐 다 "" 고 말 했 다 ."	0.0
163	164	그 들 이 어디 로 가 는지 는 은폐 라고 생각 한다 .	그 들 이 어디 로 가 는지 는 은폐 라고 생각 한다 .	0.0
164	165	법무부 가 그렇게 나쁜 짓 을 하 다니 슬프 다 .	법무부 가 그렇게 나쁜 짓 을 하 다니 슬프 다 .	0.0
165	166	음 , 그 들 은 한동안 있 었 어 . 그리고 이제 그것 은 상황 을 더 악화 시킨다 .	음 , 그 들 은 한동안 있 었 어 . 그리고 이제 그것 은 상황 을 더 악화 시킨다 .	0.0
166	167	펠로시 는 트럼프 가 우크라이나 에 대한 군사 지원 을 보류 했 다는 사실 을 인정 한 뒤 이번 주 공식 탄핵 조사 를 발표 했 다 .	펠로시 는 트럼프 가 우크라이나 에 대한 군사 지원 을 보류 했 다는 사실 을 인정 한 뒤 이번 주 공식 탄핵 조사 를 발표 했 다 .	0.0
167	168	지원금 은 궁극 적 으로 부여 됐 지만 하원 민주당 의원 들 은 지원금 과 관련 이 있 는지 , 트럼프 가 젤 렌 스키 에게 우크라 이나 가스 회사 에서 5 년 간 일 했 던 헌터 바이든 을 조사 해 달 라고 부탁 한 사실 을 알 고 싶 어 한다 .	지원금 은 궁극 적 으로 부여 됐 지만 하원 민주당 의원 들 은 지원금 과 관련 이 있 는지 , 트럼프 가 젤 렌 스키 에게 우크라 이나 가스 회사 에서 5 년 간 일 했 던 헌터 바이든 을 조사 해 달 라고 부탁 한 사실 을 알 고 싶 어 한다 .	0.0
168	169	또한 금요일 에 는 거의 300 명 의 전직 미국 외교 정책 과 국가 안보 관리 들 이 탄핵 조사 를 지지 하 는 서한 에 서명 했 다 .	또한 금요일 에 는 거의 300 명 의 전직 미국 외교 정책 과 국가 안보 관리 들 이 탄핵 조사 를 지지 하 는 서한 에 서명 했 다 .	0.0
169	170	연립 정부 는 트럼프 의 조치 가 ' 국가 안보 우려 ' 에 해당 한다고 밝혔 다 .	연립 정부 는 트럼프 의 조치 가 ' 국가 안보 우려 ' 에 해당 한다고 밝혔 다 .	0.0
170	171	"서한 에 는 "" 우리 는 펠로시 의장 을 포함 한 의회 의원 들 에게 박수 를 보낸다 "" 고 적혀 있 다 ."	"서한 에 는 "" 우리 는 펠로시 의장 을 포함 한 의회 의원 들 에게 박수 를 보낸다 "" 고 적혀 있 다 ."	0.0
171	172	트럼프 대통령 은 이 땅 최고 위직 의 권한 과 자원 을 활용 해 우리 의 민주 적 과정 에 추가 적 인 외국인 간섭 을 불러온 것 으로 보인다 .	트럼프 대통령 은 이 땅 최고 위직 의 권한 과 자원 을 활용 해 우리 의 민주 적 과정 에 추가 적 인 외국인 간섭 을 불러온 것 으로 보인다 .	0.0
172	173	그것 은 비 양심 적 인 권력 남용 에 해당 할 것 이 다 .	"그건 비 양심 적 인 권력 남용 이 될 거 야 . """	0.6923
173	174	""" 이것 은 또한 미국 의 국익 과 우리 의 가장 가까운 동맹국 과 파트너 들 의 이익 을 대통령 의 개인 적 인 정치 적 이익 에 종속 시키 려는 노력 을 나타낼 것 이 다 . """	""" 그것 은 또한 미국 의 국익 , 그리고 우리 의 가장 가까운 동맹국 과 파트너 들 의 이익 을 대통령 의 개인 적 인 정치 적 이익 에 종속 시키 려는 노력 을 나타낼 것 이 다 . """	0.075
174	175	트럼프 는 전화 에 부적합 한 점 이 없 다고 부인 했 다 .	트럼프 는 전화 에 부적합 한 점 이 없 다고 부인 했 다 .	0.0
175	176	"금요일 , 그 는 불평 하 는 사람 을 비난 했 고 , 다시 젤 렌 스키 와 의 통화 는 "" 완벽 한 대화 "" 라고 말 했 다 ."	"그 는 금요일 이 불만 자 를 비난 하 고 젤 렌 스키 와 의 통화 는 "" 완벽 한 대화 "" 라고 말 했 다 . """	0.3929
176	177	"그 는 트위터 에 "" 소위 내부 고발자 가 전혀 내부 고발자 가 아닌 것 처럼 점점 더 많이 들린다 "" 고 밝혔 다 ."	"그 는 트위터 에 "" 소위 내부 고발자 가 전혀 내부 고발자 가 아닌 것 처럼 점점 더 많이 들린다 "" 고 밝혔 다 ."	0.0
177	178	게다가 , 너무 부 정확 하 다는 것 이 증명 된 모든 간접 정보 들 은 유출 자 나 스파이 가 그나 그녀 에게 먹이 를 주 지 않 았 을지 도 모른다 .	""" 게다가 너무 부 정확 하 다는 것 이 증명 된 모든 간접 정보 , 누설자 나 스파이 가 그나 그녀 에게 먹이 를 주 지 않 았 을지 도 모르 는 다른 사람 이 있 었 을까 ?"	0.3846
178	179	당파 적 공작원 이 라고 ?	"당파 적 공작원 이 라고요 ? """	0.2857
179	180	마이크 펜스 부통령 도 우크라 이나 지도자 들 과 교류 를 했 고 , 내부 고발자 불만 쇼 에서 는 이달 초 폴란드 에서 젤 렌 스키 를 만났 다 .	마이크 펜스 부통령 도 우크라 이나 지도자 들 과 교류 를 했 고 , 내부 고발자 불만 쇼 에서 는 이달 초 폴란드 에서 젤 렌 스키 를 만났 다 .	0.0
180	181	그 는 조 바이든 이나 헌터 바이든 둘 다 논의 되 지 않 았 다고 말 했 다 .	그 는 조 바이든 이나 헌터 바이든 둘 다 논의 되 지 않 았 다고 말 했 다 .	0.0
181	182	유럽 최고 중 의 세 명 의 스코틀랜드 학생	유럽 최고 중 의 세 명 의 스코틀랜드 학생	0.0
182	183	던디 대학 학생 3 명 이 유럽 의 최고 졸업 생 으로 지역 수상자 로 선정 되 었 습니다 .	던디 대학 학생 3 명 이 유럽 의 최고 졸업 생 으로 지역 수상자 로 선정 되 었 습니다 .	0.0
183	184	던디 대학 학생 들 은 2019 년 글로벌 학부 시상식 에서 유럽 의 각 분야 에서 최고 졸업 생 으로 선정 되 었 으며 , 같 은 대학 의 다른 5 명 의 학생 들 은 심사 위원 들 로부터 칭찬 을 받 았 습니다 .	던디 대학 학생 들 은 2019 년 글로벌 학부 시상식 에서 유럽 의 각 분야 에서 최고 졸업 생 으로 선정 되 었 으며 , 같 은 대학 의 다른 5 명 의 학생 들 은 심사 위원 들 로부터 칭찬 을 받 았 습니다 .	0.0
184	185	분자 유전학 을 졸업 한 스콧 쉘 드릭 은 유럽 생명 과 학상 을 , 체스터 콘포드 는 MSc 정신 건강 간호 를 공부 했으며 간호 , 중간 간호 , 연합 건강 관리 상 을 , 롤라 니브 는 시각 예 술상 을 받 았 다 .	분자 유전학 을 졸업 한 스콧 쉘 드릭 은 유럽 생명 과 학상 을 , 체스터 콘포드 는 MSc 정신 건강 간호 를 공부 했으며 간호 , 중간 간호 , 연합 건강 관리 상 을 , 롤라 니브 는 시각 예 술상 을 받 았 다 .	0.0
185	186	세 명 모두 세계 결승전 에 진출 했 지만 , 그 들 은 결승전 에서 전 세계 3 , 500 명 의 참가자 들 중 일부 와 강한 경쟁 으로 졌 다 .	세 명 모두 세계 결승전 에 진출 했 지만 , 그 들 은 결승전 에서 전 세계 3 , 500 명 의 참가자 들 중 일부 와 강한 경쟁 으로 졌 다 .	0.0
186	187	"블레어 그럽 ( 대학 부 교장 ) : "" 이 단계 에 이르 기 위해 우리 학생 들 과 졸업 생 들 은 세계 최고 의 대학 들 중 일부 에 다니 는 동료 들 과 경쟁 에 직면 했 다 ."	"블레어 그루브 ( 대학 부 교장 ) 교수 는 "" 이 단계 에 이르 기 위해 우리 학생 들 과 졸업 생 들 은 세계 최고 의 대학 들 중 일부 에 다니 는 동료 들 과 경쟁 에 직면 했 다 "" 고 말 했 다 ."	0.1667
187	188	""" 학부 상 은 전 세계 수천 명 의 학생 들 이 치열 한 경쟁 을 벌이 고 있 으며 , 그것 은 우리 학생 들 의 질 과 그 들 이 여기 서 받 는 교육 의 훌륭 한 반영 이 며 , 던디 는 수상자 들 사이 에서 매우 강하 게 대표 되 고 있 다 ."	""" 학부 상 은 전 세계 수천 명 의 학생 들 이 치열 한 경쟁 을 벌이 고 있 으며 , 그것 은 우리 학생 들 의 질 과 그 들 이 여기 서 받 는 교육 의 훌륭 한 반영 이 며 , 던디 는 수상자 들 사이 에서 매우 강하 게 대표 되 고 있 다 . """	0.0167
188	189	""" 나 는 이 환상 적 인 업적 에 대해 스콧 , 체스터 , 롤라 에게 매우 칭찬 받 은 다른 던디 대표 들 과 함께 따뜻 한 축하 를 하 고 싶 다 . """	""" 나 는 이 환상 적 인 업적 에 대해 스콧 , 체스터 , 롤라 에게 매우 칭찬 받 은 다른 던디 대표 들 과 함께 따뜻 한 축하 를 하 고 싶 다 . """	0.0
189	190	또 다른 5 명 의 학생 들 은 세계 적 인 청중 들 과 이것 을 공유 하 기 위해 학부 생 들 이 완성 한 최고 의 작품 을 인정 하 는 세계 최고 의 학부 시상식 프로그램 에서 칭찬 을 받 았 다 .	또 다른 5 명 의 학생 들 은 세계 적 인 청중 들 과 이것 을 공유 하 기 위해 학부 생 들 이 완성 한 최고 의 작품 을 인정 하 는 세계 최고 의 학부 시상식 프로그램 에서 칭찬 을 받 았 다 .	0.0
190	191	칭찬 받 은 5 명 의 학생 에 는 니콜라스 갤러거 와 제임스 오스본 ( 생명 과학 모두 ) , 페렌크 고스케 이시카와 구타 이 ( 메디신 ) , 케이틀린 스콧 ( 해부 과학 ) , 와코 요코야마 ( 철학 ) 등 이 포함 됐 다 .	칭찬 받 은 5 명 의 학생 에 는 니콜라스 갤러거 와 제임스 오스본 ( 생명 과학 모두 ) , 페렌크 고스케 이시카와 구타 이 ( 메디신 ) , 케이틀린 스콧 ( 해부 과학 ) , 와코 요코야마 ( 철학 ) 등 이 포함 됐 다 .	0.0
191	192	이 대회 는 최고 의 학부 과정 을 축하 하 고 전 세계 학생 들 과 최근 졸업 생 들 사이 에 협력 을 만드 는 데 도움 이 된다 .	이 대회 는 최고 의 학부 과정 을 축하 하 고 전 세계 학생 들 과 최근 졸업 생 들 사이 에 협력 을 만드 는 데 도움 이 된다 .	0.0
192	193	토마스 쿡 연금 수탁자 들 은 지불 을 회수 하 기 위한 거래 를 계획 한다 .	토마스 쿡 연금 수탁자 들 은 지불 을 회수 하 기 위한 거래 를 계획 한다 .	0.0
193	194	토마스 쿡 의 연금 기금 은 붕괴 된 여행 그룹 의 은퇴 계획 혜택 을 구제 하 기 위한 거래 에 대해 전문 보험 사 들 과 협상 을 시작 했 다 .	토마스 쿡 의 연금 기금 은 붕괴 된 여행 그룹 의 은퇴 계획 혜택 을 구제 하 기 위한 거래 에 대해 전문 보험 사 들 과 협상 을 시작 했 다 .	0.0
194	195	스카이 뉴스 는 스티브 서던 수탁자 대표 가 토마스 쿡 의 14 , 000 명 의 연금 제도 회원 들 대부분 이 그 들 의 지불 을 대폭 삭감 하 는 것 을 피할 수 있 는 매수 거래 에 대해 여러 당사자 들 과 회담 을 하 고 있 다는 것 을 알 게 되 었 다 .	스카이 뉴스 는 스티브 서던 수탁자 대표 가 토마스 쿡 의 14 , 000 명 의 연금 제도 회원 들 대부분 이 그 들 의 지불 을 대폭 삭감 하 는 것 을 피할 수 있 는 매수 거래 에 대해 여러 당사자 들 과 회담 을 하 고 있 다는 것 을 알 게 되 었 다 .	0.0
195	196	보험 사와 의 어떤 거 래도 연금 제도 가 연금 보호 기금 ( PPF ) 구명보트 로 이전 함 으로써 촉발 된 10 % 보다 더 적 은 액수 의 지급 삭감 을 수반 할 가능 성 이 높 다 .	보험 사와 의 어떤 거 래도 연금 제도 가 연금 보호 기금 ( PPF ) 구명보트 로 이전 함 으로써 촉발 된 10 % 보다 더 적 은 액수 의 지급 삭감 을 수반 할 가능 성 이 높 다 .	0.0
196	197	토론 은 매우 예비 단계 에 있 으며 , 비록 성공 적 일지라도 토마스 쿡 계획 이 PPF 의 평가 를 거쳐야 협상 이 성사 될 것 이 다 .	토론 은 매우 예비 단계 에 있 으며 , 비록 성공 적 일지라도 토마스 쿡 계획 이 PPF 의 평가 를 거쳐야 협상 이 성사 될 것 이 다 .	0.0
197	198	토마스 쿡 의 상사 들 은 무엇 이 붕괴 를 초래 했 는지 에 대한 조사 에 직면 해 있 다 .	토마스 쿡 의 상사 들 은 무엇 이 붕괴 를 초래 했 는지 에 대한 조사 에 직면 해 있 다 .	0.0
198	199	그 기간 은 최대 2 년 이 걸릴 수 있 으며 , 만약 그 계획 이 PPF 에 들어간다면 약 1 만 명 의 미래 연금 수령자 들 이 그 들 의 급여 를 10 % 삭감 하 게 될 것 이 다 .	그 기간 은 최대 2 년 이 걸릴 수 있 으며 , 만약 그 계획 이 PPF 에 들어간다면 약 1 만 명 의 미래 연금 수령자 들 이 그 들 의 급여 를 10 % 삭감 하 게 될 것 이 다 .	0.0
199	200	"소식통 에 따르 면 , 다수 의 연금 위험 이전 전문가 와 새로운 "" 슈퍼 펀드 "" 통합 차량 중 적어도 한 대 가 토마스 쿡 의 신탁 관리자 들 과 거래 에 대해 협의 중 이 라고 한다 ."	"소식통 에 따르 면 , 다수 의 연금 위험 이전 전문가 와 새로운 "" 슈퍼 펀드 "" 통합 차량 중 적어도 한 대 가 토마스 쿡 의 신탁 관리자 들 과 거래 에 대해 협의 중 이 라고 한다 ."	0.0
200	201	회원 들 의 혜택 을 확보 하 려는 신탁 관리자 들 의 노력 에 대한 뉴스 는 영국 의 가장 오래 된 관광 사업자 가 거래 를 중단 하 고 국제 송환 프로그램 을 촉발 시키 고 수천 명 의 실직 사태 를 촉발 시킨 지 나흘 만 에 나온 것 이 다 .	회원 들 의 혜택 을 확보 하 려는 신탁 관리자 들 의 노력 에 대한 뉴스 는 영국 의 가장 오래 된 관광 사업자 가 거래 를 중단 하 고 국제 송환 프로그램 을 촉발 시키 고 수천 명 의 실직 사태 를 촉발 시킨 지 나흘 만 에 나온 것 이 다 .	0.0
201	202	토마스 쿡 의 파산 으로 의 하강 은 이 사진 , 정부 장관 , 감사관 들 이 모두 붕괴 되 기 몇 달 전 에 그 들 의 행동 을 설명 해야 한다는 요구 에 직면 하 면서 쓰라린 비난 게임 을 촉발 시켰 다 .	토마스 쿡 의 파산 으로 의 하강 은 이 사진 , 정부 장관 , 감사관 들 이 모두 붕괴 되 기 몇 달 전 에 그 들 의 행동 을 설명 해야 한다는 요구 에 직면 하 면서 쓰라린 비난 게임 을 촉발 시켰 다 .	0.0
202	203	최근 통계 에 따르 면 이 회사 의 4 개 연금 제도 는 PPF 기준 으로 100 만 파운드 의 흑자 를 내 는 등 자금 이 풍부 하 다 .	최근 통계 에 따르 면 이 회사 의 4 개 연금 제도 는 PPF 기준 으로 100 만 파운드 의 흑자 를 내 는 등 자금 이 풍부 하 다 .	0.0
203	204	총체 적 으로 , 그 들 은 약 1 . 5 억 파운드 의 자산 을 보유 하 고 있 다 .	총체 적 으로 , 그 들 은 약 1 . 5 억 파운드 의 자산 을 보유 하 고 있 다 .	0.0
204	205	그러나 스카이 뉴스 가 지난달 밝힌 대로 토마스 쿡 이 제안 한 구조 계약 에서 더 나 은 조건 을 요구 한 것 은 거래 를 성사 시키 기 위한 노력 에 더 많 은 합병증 을 더 했 다 .	그러나 스카이 뉴스 가 지난달 밝힌 대로 토마스 쿡 이 제안 한 구조 계약 에서 더 나 은 조건 을 요구 한 것 은 거래 를 성사 시키 기 위한 노력 에 더 많 은 합병증 을 더 했 다 .	0.0
205	206	토마스 쿡 의 청산 은 178 년 의 용제 거래 를 종식 시켜 정부 의 파 산청 구소 , 회계 감시원 , 영향 력 있 는 하원 의원 위원회 의 문의 가 시작 되 게 했 다 .	토마스 쿡 의 청산 은 178 년 의 용제 거래 를 종식 시켜 정부 의 파 산청 구소 , 회계 감시원 , 영향 력 있 는 하원 의원 위원회 의 문의 가 시작 되 게 했 다 .	0.0
206	207	장관 들 은 이 위기 를 해결 하 기 위해 태 스 크 포스 를 설립 했 는데 , 이 로 인해 채권자 들 은 부실 자산 매각 으로 인한 미미 한 수익 에 직면 하 게 되 었 다 .	장관 들 은 이 위기 를 해결 하 기 위해 태 스 크 포스 를 설립 했 는데 , 이 로 인해 채권자 들 은 부실 자산 매각 으로 인한 미미 한 수익 에 직면 하 게 되 었 다 .	0.0
207	208	현재 까지 토마스 쿡 의 해외 영국 고객 중 절반 미만 이 집 으로 날아갔 다 .	현재 까지 토마스 쿡 의 해외 영국 고객 중 절반 미만 이 집 으로 날아갔 다 .	0.0
208	209	토마스 쿡 이 200 만 파운드 의 자금 조달 요구 를 줄이 자는 마지막 탄원서 를 대출자 들 에게 발표 한 지 몇 시간 만 에 붕괴 되 었 다 .	토마스 쿡 이 200 만 파운드 의 자금 조달 요구 를 줄이 자는 마지막 탄원서 를 대출자 들 에게 발표 한 지 몇 시간 만 에 붕괴 되 었 다 .	0.0
209	210	토머스 쿡 에게 뭐 가 그렇게 잘못 됐 을까 ?	토머스 쿡 에게 뭐 가 그렇게 잘못 됐 을까 ?	0.0
210	211	일요일 저녁 에 협상 없이 끝난 이번 회담 은 1 . 5 억 파운드 의 손실 과 악화 된 거래 에 이 어 1 억 파운드 이상 의 새로운 자금 을 조달 해야 했 던 한 회사 에 미친 듯이 마지막 주사위 를 던진 것 을 의미 했 다 .	일요일 저녁 에 협상 없이 끝난 이번 회담 은 1 . 5 억 파운드 의 손실 과 악화 된 거래 에 이 어 1 억 파운드 이상 의 새로운 자금 을 조달 해야 했 던 한 회사 에 미친 듯이 마지막 주사위 를 던진 것 을 의미 했 다 .	0.0
211	212	토마스 쿡 은 1841 년 32 세 의 내각 제작자 이 자 침례교 설교자 에 의해 설립 되 었 으며 , 레스터 에서 러프 버러 까지 1 실링 을 위해 하루 동안 의 철도 여행 을 시작 했 습니다 .	토마스 쿡 은 1841 년 32 세 의 내각 제작자 이 자 침례교 설교자 에 의해 설립 되 었 으며 , 레스터 에서 러프 버러 까지 1 실링 을 위해 하루 동안 의 철도 여행 을 시작 했 습니다 .	0.0
212	213	거기 서부터 3 년 전 175 주년 을 기념 하 여 세계 최대 의 휴가 회사 중 하나 가 되 었 다 .	거기 서부터 3 년 전 175 주년 을 기념 하 여 세계 최대 의 휴가 회사 중 하나 가 되 었 다 .	0.0
213	214	"PPF 대변인 은 "" 토머스 쿡 의 청산 과 같 은 파산 사건 이 바로 PPF 가 설치 된 이유 "" 라고 말 했 다 ."	"PPF 대변인 은 "" 토머스 쿡 의 청산 과 같 은 파산 사건 이 바로 PPF 가 설치 된 이유 "" 라고 말 했 다 ."	0.0
214	215	""" 우리 는 확정 급여 연금 제도 에 속하 는 회원 들 의 재정 적 인 미래 를 보호 하 기 위해 여기 에 왔 고 그 들 은 우리 가 그 들 을 보호 하 기 위해 여기 에 있 다는 것 을 알 고 위안 을 삼 아야 한다 . """	""" 우리 는 확정 급여 연금 제도 에 속하 는 회원 들 의 재정 적 인 미래 를 보호 하 기 위해 여기 에 왔 고 그 들 은 우리 가 그 들 을 보호 하 기 위해 여기 에 있 다는 것 을 알 고 위안 을 삼 아야 한다 . """	0.0
215	216	토마스 쿡 의 연금 수탁자 대변인 은 금요일 에 언급 을 회피 했 다 .	토마스 쿡 의 연금 수탁자 대변인 은 금요일 에 언급 을 회피 했 다 .	0.0
216	217	어젯밤 Who STOP 콘서트 : 금요일 과 일요일 은 CANCELLED 를 보여준다 .	어젯밤 Who STOP 콘서트 : 금요일 과 일요일 은 CANCELLED 를 보여준다 .	0.0
217	218	록 전설 The Who are on a jiginal US tour .	록 전설 The Who are on a jiginal US tour .	0.0
218	219	텍사스 휴스턴 에서 로저 달트리 는 중간 도 안 되 는 시간 에 콘서트 를 취소 해야 했 다 .	텍사스 휴스턴 에서 로저 달트리 는 중간 도 안 되 는 시간 에 콘서트 를 취소 해야 했 다 .	0.0
219	220	"75 세 의 이 선수 는 실망 한 청중 들 에게 "" 내 가 앞서 있 는 동안 그만둬야 할 것 같 다 . """	"75 세 의 이 선수 는 실망 한 청중 들 에게 "" 내 가 앞서 있 는 동안 그만둬야 할 것 같 다 . """	0.0
220	221	밴드 는 이미 8 곡 을 연주 했 지만 언젠가 다른 쇼 를 위해 다시 노력 하 겠 다고 약속 했 습니다 .	밴드 는 이미 8 곡 을 연주 했 지만 언젠가 다른 쇼 를 위해 다시 노력 하 겠 다고 약속 했 습니다 .	0.0
221	222	무대 에서 어떻게 펼쳐졌 는지 비디오 를 보 라 .	무대 에서 어떻게 펼쳐졌 는지 비디오 를 보 라 .	0.0
222	223	1982 년 클래식 트랙 Eminence Front 를 연주 한 후 , Daltrey 는 그것 을 그만두 라고 불렀 다 .	1982 년 클래식 트랙 Eminence Front 를 연주 한 후 , Daltrey 는 그것 을 그만두 라고 불렀 다 .	0.0
223	224	그 는 성대 문제 로 고생 해 왔 고 외과의사 의 엄격 한 지시 를 받 고 있 는 것 같 다 .	그 는 성대 문제 로 고생 해 왔 고 외과의사 의 엄격 한 지시 를 받 고 있 는 것 같 다 .	0.0
224	225	그 영국 스타 는 군중 들 에게 그 쇼 를 계속 할 수 없 다고 말 했 다 .	그 영국 스타 는 군중 들 에게 그 쇼 를 계속 할 수 없 다고 말 했 다 .	0.0
225	226	""" 내 가 너 를 위해 하 는 일 을 계속 하 려고 하 면 , 나 는 내 자신 을 손상 시킬 거 야 ."	내 가 너 를 위해 하 는 일 을 계속 하 려고 하 면 , 나 는 내 자신 을 손상 시킬 것 이 다 .	0.1538
226	227	내 가 앞서 가 는 동안 그만둬야 할 것 같 아 . ..	내 가 앞서 가 는 동안 그만둬야 할 것 같 아 . ..	0.0
227	228	"지난번 에 는 한 달 동안 병원 에 입원 했 는데 다시 는 그곳 에 가 지 않 을 거 야 . 미안 . """	지난번 에 한 달 동안 병원 에 입원 했 는데 다시 는 안 갈 거 야 . 미안 합니다 .	0.45
228	229	"피트 타운센드 는 청중 들 에게 무슨 일 이 일어나 고 있 는지 설명 했 다 . "" 더 이상 할 수 없 는 것 같 아 , 유감 스럽 게 도 . .."""	"피트 타운센드 는 청중 들 에게 무슨 일 이 일어나 고 있 는지 설명 했 다 . "" 더 이상 할 수 없 는 것 같 아 , 유감 스럽 게 도 . .."""	0.0
229	230	밴드 는 원래 로저 없이 나머지 세트 를 해결 하 려고 할 것 이 라고 제안 하 면서 무대 를 떠났 습니다 .	밴드 는 원래 로저 없이 나머지 세트 를 해결 하 려고 할 것 이 라고 제안 하 면서 무대 를 떠났 습니다 .	0.0
230	231	"그 가 돌아왔 을 때 , 타운센드 는 말 했 다 : "" 정말 , 정말 미안 해 ."	"그 가 돌아왔 을 때 , 타운센드 는 말 했 다 : "" 정말 , 정말 미안 해 ."	0.0
231	232	로저 는 지금 실제로 말 을 할 수 없 다 .	로저 는 지금 말 을 할 수 없 어 . ”	0.2727
232	233	""" 분명히 쇼 전 에 의사 를 만났 는데 , 이번 투어 를 통해 정말 f ** 를 부르 고 있 는 겁니다 ."	""" 분명히 쇼 전 에 의사 를 만났 는데 , 이번 투어 를 통해 정말 f ** 를 부르 고 있 는 겁니다 ."	0.0
233	234	나 는 f *** 가 무슨 일 이 일어나 고 있 는지 모른다 .	나 는 f *** 가 무슨 일 이 일어나 고 있 는지 모른다 .	0.0
234	235	그 는 최고 의 실력 을 발휘 했 다 .	"그 는 최고 의 실력 을 발휘 했 다 . """	0.0909
235	236	""" 오늘 밤 너희 들 에게 이런 일 이 생겨서 정말 미안 해 . .."	""" 오늘 밤 너희 들 에게 이런 일 이 생겨서 정말 미안 해 . .."	0.0
236	237	"로저 의 쇼고 몸매 가 좋 지 않 기 때문 에 말 이 되 는 것 을 종합 하 려고 노력 하 는 것 은 별 의미 가 없 다고 생각 한다 . """	"로저 의 쇼고 몸매 가 좋 지 않 기 때문 에 말 이 되 는 것 을 종합 하 려고 노력 하 는 것 은 별 의미 가 없 다고 생각 한다 . """	0.0
237	238	군중 들 은 74 세 의 이 선수 가 무슨 일 이 일어났 는지 , 그리고 밴드 가 어떻게 쇼 에 대한 그 들 의 헌신 을 기리 기 위해 돌아오 기 를 희망 했 는지 설명 하 면서 완전히 지지 했 다 .	군중 들 은 74 세 의 이 선수 가 무슨 일 이 일어났 는지 , 그리고 밴드 가 어떻게 쇼 에 대한 그 들 의 헌신 을 기리 기 위해 돌아오 기 를 희망 했 는지 설명 하 면서 완전히 지지 했 다 .	0.0
238	239	"타운센드 는 "" 가능 한 한 빨리 귀환 날짜 를 발표 할 것 "" 이라고 말 했 다 ."	"타운센드 는 "" 가능 한 한 빨리 귀환 날짜 를 발표 할 것 "" 이라고 말 했 다 ."	0.0
239	240	한 가지 만 설명 하 겠 습니다 .	한 가지 만 설명 하 겠 습니다 .	0.0
240	241	하루 만 쉬 고 하루 만 쉬 면 돼	하루 만 쉬 고 하루 만 쉬 면 돼	0.0
241	242	로저 의 성대 외과의 가 하루 쉬 어야 한다고 주장 하 기 때문 이 지 . ..	"로저 의 성대 외과의 가 하루 쉬 어야 한다고 주장 하 기 때문 이 다 . .."""	0.1176
242	243	""" 우리 가 다시 돌아와서 네 표 를 기릴 것 을 맹세 한다 ."	""" 우리 가 다시 돌아와서 네 표 를 기릴 것 을 맹세 한다 ."	0.0
243	244	"널 너무 사랑 하 고 실망 시켜서 미안 해 . """	"널 너무 사랑 하 고 실망 시켜서 미안 해 . """	0.0
244	245	쇼 가 끝난 후 달라스 와 덴버 에서 열리 는 금요일 과 일요일 밤 콘서트 가 취소 되 었 습니다 .	쇼 가 끝난 후 달라스 와 덴버 에서 열리 는 금요일 과 일요일 밤 콘서트 가 취소 되 었 습니다 .	0.0
245	246	그 들 의 다음 쇼 는 10 월 9 일 샌프란시스코 에서 열린다 .	그 들 의 다음 쇼 는 10 월 9 일 샌프란시스코 에서 열린다 .	0.0
246	247	이 밴드 는 2020 년 3 월 16 일 맨체스터 에서 영국 투어 를 열 것 이 다 .	이 밴드 는 2020 년 3 월 16 일 맨체스터 에서 영국 투어 를 열 것 이 다 .	0.0
247	248	미국 의 죽음 은 스코틀랜드 의 vaping 과 전자 담배 광고 금지 로 이어질 수 있 다 .	미국 의 죽음 은 스코틀랜드 의 vaping 과 전자 담배 광고 금지 로 이어질 수 있 다 .	0.0
248	249	전자 담배 와 전자 담배 제품 광고 에 관한 BAN 이 장관 들 에 의해 고려 되 고 있 다 .	전자 담배 와 전자 담배 제품 광고 에 관한 BAN 이 장관 들 에 의해 고려 되 고 있 다 .	0.0
249	250	"초대 장관 은 "" 앞 으로 몇 달 안 에 이 같 은 움직임 에 대한 협의 가 이뤄질 것 "" 이라고 확인 했 다 . """	"초대 장관 은 "" 앞 으로 몇 달 안 에 이 같 은 움직임 에 대한 협의 가 이뤄질 것 "" 이라고 확인 했 다 . """	0.0
250	251	니콜라 스터 건 은 만약 증거 가 그러 한 제품 의 판매 에 대한 추가 적 인 움직임 을 뒷받침 한다면 , 그녀 의 정부 는 행동 하 기 를 주저 하 지 않 을 것 이 라고 말 한다 .	니콜라 스터 건 은 만약 증거 가 그러 한 제품 의 판매 에 대한 추가 적 인 움직임 을 뒷받침 한다면 , 그녀 의 정부 는 행동 하 기 를 주저 하 지 않 을 것 이 라고 말 한다 .	0.0
251	252	그것 은 한 vaping - related 질병 이 두 명 의 생명 을 더 요구 했 고 , 총 사망자 수 11 명 을 가져왔 다는 것 이 밝혀진 가운데 나온 것 이 다 .	그것 은 한 vaping - related 질병 이 두 명 의 생명 을 더 요구 했 고 , 총 사망자 수 11 명 을 가져왔 다는 것 이 밝혀진 가운데 나온 것 이 다 .	0.0
252	253	일반 적 으로 니코틴 , 물 , 용매 , 향료 로 만든 혼합물 을 흡입 하 는 것 을 포함 하 는 베 핑 은 담배 를 끊 는 데 도움 이 될 수 있 는 흡연 의 대안 으로 보여 지 지만 , 그것 의 안전 성 은 여전히 완전히 알려져 있 지 않 다 .	일반 적 으로 니코틴 , 물 , 용매 및 향료 로 만든 혼합물 을 흡입 하 는 것 을 포함 하 는 진공 은 담배 를 끊 는 데 도움 이 될 수 있 는 흡연 의 대안 으로 보여 지 지만 , 그 안전 성 은 아직 완전히 알려져 있 지 않 다 .	0.1091
253	254	그러나 미국 에서 는 500 명 이상 의 사람 들 이 전자 담배 를 피운 후 신비 한 폐질환 으로 병 에 걸린 것 으로 알려져 있 다 .	그러나 미국 에서 는 500 명 이상 의 사람 들 이 전자 담배 를 피운 후 신비 한 폐질환 으로 병 에 걸린 것 으로 알려져 있 다 .	0.0
254	255	관계자 들 은 지난 한 주 동안 만 수백 건 의 추가 사례 가 보 고 되 었 다고 말 했 다 .	관계자 들 은 지난 한 주 동안 만 수백 건 의 추가 사례 가 보 고 되 었 다고 말 했 다 .	0.0
255	256	플로리다 와 조지아 에서 첫 사망자 가 화요일 과 수요일 에 발표 되 었 다 .	플로리다 와 조지아 에서 첫 사망자 가 화요일 과 수요일 에 발표 되 었 다 .	0.0
256	257	현재 38 개 주 가 이 병 의 사례 를 기록 했으며 , 8 개 주 에서 사망자 가 발생 했 다 .	현재 38 개 주 가 이 병 의 사례 를 기록 했으며 , 8 개 주 에서 사망자 가 발생 했 다 .	0.0
257	258	"대부분 의 환자 들 이 대마초 의 정신 활성 화합물 인 THC 가 함유 된 제품 을 사용 한 전력 을 보 고 한 반면 , 조지아 에서 사망 한 환자 는 수요일 "" 무거운 니코틴 베 핑 "" 만 을 보 고 했 다 ."	"대부분 의 환자 들 이 대마초 의 정신 활성 화합물 인 THC 가 함유 된 제품 을 사용 한 전력 을 보 고 한 반면 , 조지아 에서 사망 한 환자 는 수요일 "" 무거운 니코틴 베 핑 "" 만 을 보 고 했 다 ."	0.0
258	259	"질병 통제 예방 센터 ( CDC ) 는 미스터리 질병 의 원인 을 조사 하 는 100 명 이상 의 관리 를 두 고 있 으며 , 특히 "" 거리 밖 에서 "" 수정 하 거나 구입 할 경우 더 많 은 것 이 알려질 때 까지 전자 담배 제품 을 피우 지 말 라고 시민 들 에게 경고 했 다 ."	"질병 통제 예방 센터 ( CDC ) 는 미스터리 질병 의 원인 을 조사 하 는 100 명 이상 의 관리 를 두 고 있 으며 , 특히 "" 거리 밖 에서 "" 수정 하 거나 구입 할 경우 더 많 은 것 이 알려질 때 까지 전자 담배 제품 을 피우 지 말 라고 시민 들 에게 경고 했 다 ."	0.0
259	260	"초대 장관 은 스코틀랜드 정부 가 도박 으로 인한 인명 손실 에 이어 미국 과 다른 곳 에서 의 감시 적 인 발전 을 "" 근접 적 으로 "" 확인 했 다 ."	"초대 장관 은 스코틀랜드 정부 가 도박 으로 인한 인명 손실 에 이어 미국 등지 의 발전 을 "" 밀밀히 "" 감시 하 고 있 다는 것 을 확인 했 다 ."	0.375
260	261	그녀 는 지금 까지 유럽 에서 vaping 이 보 고 된 것 으로 인한 사망 사례 를 보 지 못했 다고 지적 했 다 .	그녀 는 지금 까지 유럽 에서 vaping 이 보 고 된 것 으로 인한 사망 사례 를 보 지 못했 다고 지적 했 다 .	0.0
261	262	""" 우리 의 접근 방식 은 예방책 이 었 고 , 그래서 스코틀랜드 에서 우리 는 이미 유럽 에서 제품 을 증기 화 하 기 위해 가장 엄격 한 규제 접근 법 을 취했 다 "" 고 그녀 는 말 했 다 ."	""" 우리 의 접근 방식 은 예방책 이 었 고 , 그래서 스코틀랜드 에서 우리 는 이미 유럽 에서 제품 을 증기 화 하 기 위해 가장 엄격 한 규제 접근 법 을 취했 다 "" 고 그녀 는 말 했 다 ."	0.0
262	263	""" 유럽 담배 제품 지침 은 전자 담배 의 광고 를 제한 하 고 전자 액체 가 해로운 것 으로 알려진 성분 을 포함 할 수 없 도록 한다 ."	""" 유럽 담배 제품 지침 은 전자 담배 의 광고 를 제한 하 고 전자 액체 가 해로운 것 으로 알려진 성분 을 함유 할 수 없 도록 한다 . """	0.0645
263	264	""" 이 지침 은 또한 e - 액체 에서 니코틴 의 농도 를 제한 한다 ."	""" 이 지침 은 또한 e - liquids 에서 니코틴 의 농도 를 제한 한다 . """	0.1176
264	265	""" 스코틀랜드 에서 는 소매 등록부 와 의무 연령 확인 제도 를 도입 했으며 소매상 들 이 규정 을 준 수 하 도록 모든 협의회 지역 의 무역 표준 부서 에 자금 을 지원 했 습니다 ."	""" 스코틀랜드 에서 는 소매 등록부 와 의무 연령 확인 제도 를 도입 했으며 소매상 들 이 규정 을 준 수 하 도록 하 기 위해 모든 의회 지역 의 무역 표준 부서 에 자금 을 지원 했 다 . """	0.1463
265	266	""" 앞 으로 몇 달 안 에 증기 제품 의 광고 와 홍보 에 대한 완전 한 금지 를 도입 하 는 것 에 대해 협의 할 것 이 다 . """	""" 앞 으로 몇 달 안 에 증기 제품 의 광고 와 홍보 에 대한 완전 한 금지 를 도입 하 는 것 에 대해 협의 할 것 이 다 . """	0.0
266	267	"그 는 "" 이 장치 들 이 비교 적 새롭 고 따라서 그 들 의 영향 이 계속 연구 되 고 있 다는 것 을 우리 모두 가 기억 하 는 것 이 중요 하 다 "" 고 덧붙였 다 ."	"그 는 "" 이 장치 들 이 비교 적 새롭 고 따라서 그 들 의 영향 이 계속 연구 되 고 있 다는 것 을 우리 모두 가 기억 하 는 것 이 중요 하 다 "" 고 덧붙였 다 ."	0.0
267	268	우리 는 아직 그 영향 이 무엇 인지 완전히 이해 하 지 못하 고 있 는데 , 그래서 우리 가 취한 접근 방식 이 매우 신중 한 것 이 다 .	"우리 는 아직 그 영향 이 무엇 인지 완전히 이해 하 지 못하 기 때문 에 우리 가 취한 접근 법 이 매우 신중 한 이유 입니다 . """	0.3448
268	269	""" 그것 이 아마도 스코틀랜드 에서 전자 담배 사용 이 상대 적 으로 낮 은 이유 일 것 이 다 ."	""" 그것 이 아마도 스코틀랜드 에서 전자 담배 사용 이 상대 적 으로 낮 은 이유 일 것 이 다 . """	0.0455
269	270	""" 우리 는 사람 들 이 잠재 적 인 해악 으로부터 보호 받 을 수 있 도록 필요 한 조치 를 취하 기 위해 최선 의 증거 를 따르 는데 전념 하 고 있 다 ."	""" 우리 는 사람 들 이 잠재 적 인 해악 으로부터 보호 받 을 수 있 도록 필요 한 조치 를 취하 기 위해 최선 의 증거 를 따르 는데 전념 하 고 있 다 . """	0.027
270	271	""" 우리 는 이미 그 제품 들 에 대한 가장 엄격 한 정권 들 중 하나 이 지만 , 만약 그 증거 가 더 이상 의 조치 가 필요 하 다는 것 을 보여 준다면 . .. 우리 는 그것 을 주저 하 지 않 을 것 이 다 . """	""" 우리 는 이미 그 제품 들 에 대한 가장 엄격 한 정권 들 중 하나 이 지만 , 만약 그 증거 가 더 이상 의 조치 가 필요 하 다는 것 을 보여 준다면 . .. 우리 는 그것 을 주저 하 지 않 을 것 이 다 . """	0.0
271	272	전 세계 학교 파업자 들 이 기후 에 대한 조치 를 요구 하 기 위해 행진 하 고 있 다 .	전 세계 학교 파업자 들 이 기후 에 대한 조치 를 요구 하 기 위해 행진 하 고 있 다 .	0.0
272	273	전 세계 어린이 들 이 이번 주 유엔 에서 이 문제 가 세계 지도자 의 의제 를 상회 한 이후 처음 으로 기후 변화 에 대한 조치 를 요구 하 는 또 다른 학교 파업 에 돌입 했 다 .	전 세계 어린이 들 이 이번 주 유엔 에서 이 문제 가 세계 지도자 의 의제 를 상회 한 이후 처음 으로 기후 변화 에 대한 조치 를 요구 하 는 또 다른 학교 파업 에 돌입 했 다 .	0.0
273	274	1 년 전 스웨덴 의 십 대 그레타 툰 버그 의 단독 시위 로 시작 된 미래 운동 을 위한 금요일 은 수백만 명 의 학생 들 이 뉴욕 과 같 은 도시 거리 로 나와 아프리카 전역 의 개발 도 상국 에서 관심 을 끌 고 있 는 등 급증 했 다 .	1 년 전 스웨덴 의 10 대 그레타 툰 버그 의 단독 시위 로 시작 된 미래 운동 을 위한 금요일 은 수백만 명 의 학생 들 이 뉴욕 과 같 은 도시 거리 로 나와 아프리카 전역 의 개발 도 상국 에서 관심 을 끌 고 있 는 등 급증 했 다 .	0.0185
274	275	첫 시위 중 일부 는 뉴질랜드 에서 시작 되 었 는데 , 툰 버그 는 주최 측 이 17 만 명 의 사람 들 이 전국 을 행진 했 다고 말 했 다 .	첫 번 째 시위 중 일부 는 뉴질랜드 에서 시작 되 었 는데 , 툰 버그 는 주최 측 이 17 만 명 의 사람 들 이 전국 을 행진 했 다고 말 했 다 .	0.0556
275	276	이탈리아 , 핀란드 , 나이지리아 , 오스트리아 , 인도 의 도시 에서 도 행진 이 있 었 습니다 .	이탈리아 , 핀란드 , 나이지리아 , 오스트리아 , 인도 의 도시 에서 도 행진 이 있 었 습니다 .	0.0
276	277	금요일 의 시위 는 뉴욕 의 유엔 에서 일주일 간 의 기후 회담 에 이 은 것 으로 , 툰 베르그 토 세계 지도자 들 이 행동 하 지 않 았 다고 비난 하 는 신랄 한 연설 을 포함 했 다 .	금요일 의 시위 는 뉴욕 의 유엔 에서 일주일 간 의 기후 회담 에 이 은 것 으로 , 툰 버그 가 세계 지도자 들 에게 무반응 을 이유 로 그 들 을 비난 하 는 신랄 한 연설 을 포함 했 다 .	0.2273
277	278	"그녀 는 20 일 "" 당신 은 공허 한 말 로 내 꿈 과 어린 시절 을 훔쳤 다 "" 고 말 했 다 ."	"그녀 는 20 일 "" 당신 은 공허 한 말 로 내 꿈 과 어린 시절 을 훔쳤 다 "" 고 말 했 다 ."	0.0
278	279	""" 모든 미래 세대 의 눈 이 그대 에게 달려 있 고 , 우리 를 실패 시키 기 로 선택 한다면 , 나 는 결코 너 를 용서 하 지 않 을 것 이 라고 말 한다 . """	모든 미래 세대 의 눈 이 당신 에게 달려 있 고 만약 당신 이 우리 를 실패 하 기 로 선택 한다면 , 나 는 우리 가 결코 당신 을 용서 하 지 않 을 것 이 라고 말 한다 .	0.2683
279	280	시위대 는 지난해 발표 된 유엔 의 지원 을 받 는 보고서 를 인용 , 지구 기온 이 2 . 7 도 이상 오르 는 것 을 막 기 위한 조치 를 시행 할 것 을 정부 에 요구 하 고 있 는데 , 과학자 들 은 이 조치 가 인간 생명 과 지구 에 심각 한 결과 를 초래 한다고 경고 하 고 있 다 .	시위대 는 지난해 발표 된 유엔 의 지원 을 받 는 보고서 를 인용 해 지 구 기온 이 2 . 7 도 이상 오르 는 것 을 막 기 위한 조치 를 시행 할 것 을 정부 에 요구 하 고 있 는데 , 과학자 들 은 이 를 통해 인간 과 지구 에 심각 한 결과 를 초래 할 것 이 라고 경고 하 고 있 다 .	0.1429
280	281	툰 버그 와 그녀 가 영감 을 준 젊은이 들 은 기후 변화 에 책임 이 있 는 온실가스 배출 량 이 감소 할 때 까지 매주 교실 파업 을 중단 하 지 않 을 것 이 라고 말 한다 .	툰 버그 와 그녀 가 영감 을 준 젊은이 들 은 기후 변화 에 책임 이 있 는 온실가스 배출 량 이 감소 할 때 까지 매주 교실 파업 을 중단 하 지 않 을 것 이 라고 말 한다 .	0.0
281	282	나이지리아 수도 아부 자 에서 올 라도스 아데 니케 가 28 일 46 연패 를 기록 했 다 .	나이지리아 수도 아부 자 에서 올 라도스 아데 니케 가 28 일 46 연패 를 기록 했 다 .	0.0
282	283	"이 운동가 는 트위터 에 "" 기후 변화 는 현실 "" "" 우리 는 시간 이 없 다 "" 는 메시지 가 적힌 현수막 을 들 고 있 는 푸른 교복 을 입 은 학생 들 의 사진 을 올렸 다 . """	"이 운동가 는 트위터 에 "" 기후 변화 는 현실 "" "" 우리 는 시간 이 없 다 "" 는 메시지 가 적힌 현수막 을 들 고 있 는 푸른 교복 을 입 은 학생 들 의 사진 을 올렸 다 . """	0.0
283	284	스위스 로잔 에서 수백 명 의 기후 파업 조직자 들 이 이번 주 행사 를 위해 8 월 에 모인 가운데 수천 명 의 사람 들 이 이 도시 를 행진 했 다고 현지 보도 가 보도 했 다 .	지난 8 월 수백 명 의 기후 파업 주최자 들 이 이번 주 행사 를 위해 모인 스위스 로잔 에서 는 수천 명 의 사람 들 이 시내 를 행진 했 다고 현지 보도 가 보도 했 다 .	0.2051
284	285	수천 명 이 더 핀란드 헬싱 키 거리 로 이동 할 것 으로 예상 되 었 는데 , 현지 언론 은 이 도시 의 학교 가 학생 들 의 참여 를 허용 할 것 이 라고 보도 했 다 .	수천 명 이 더 핀란드 헬싱 키 거리 로 이동 할 것 으로 예상 되 었 는데 , 현지 언론 은 이 도시 의 학교 가 학생 들 의 참여 를 허용 할 것 이 라고 보도 했 다 .	0.0
285	286	유엔 방문 에 이어 북미 에 남 아 있 는 툰 버그 는 캐나다 몬트리올 에서 열리 는 기후 파업 에 참가 할 예정 이 었 다 .	유엔 방문 에 이어 북미 에 남 아 있 는 툰 버그 는 캐나다 몬트리올 에서 열리 는 기후 파업 에 참가 할 예정 이 었 다 .	0.0
286	287	남자 가 문간 에 불 을 붙였 다 . ' 목표 공격 '	남자 가 문간 에 불 을 붙였 다 . ' 목표 공격 '	0.0
287	288	한 남자 가 경찰 이 표적 공격 이 라고 믿 는 곳 에서 그 의 문간 에 불 을 질렀 다 .	한 남자 가 경찰 이 표적 공격 이 라고 믿 는 곳 에서 그 의 문간 에 불 을 질렀 다 .	0.0
288	289	48 세 의 이 여성 은 휘발유 로 추정 되 는 가연 성 액체 에 흠뻑 젖 은 뒤 웨스트 랭커셔 주 스 켈 머스 데일 에 있 는 자신 의 집 밖 에서 불길 에 휩싸였 다 .	48 세 의 이 여성 은 휘발유 로 추정 되 는 가연 성 액체 에 흠뻑 젖 은 뒤 웨스트 랭커셔 주 스 켈 머스 데일 에 있 는 자신 의 집 밖 에서 불길 에 휩싸였 다 .	0.0
289	290	그 는 심각 한 화상 을 입 은 후 위독 하 지만 안정 된 상태 로 병원 에 입원 해 있 다 .	그 는 심각 한 화상 을 입 은 후 위독 하 지만 안정 된 상태 로 병원 에 입원 해 있 다 .	0.0
290	291	경찰 은 17 일 새벽 1 시 경 이 남성 의 집 으로 불려간 뒤 살인 미수 조사 에 착수 했 다 .	경찰 은 17 일 새벽 1 시 경 이 남성 의 집 으로 불려간 뒤 살인 미수 조사 에 착수 했 다 .	0.0
291	292	"수사 를 주도 하 고 있 는 폴린 스테이블스 형사 과장 은 "" 이번 사건 은 한 남성 을 병원 에 입원 하 게 한 끔찍 한 사건 이 다 ."	"수사 를 주도 하 고 있 는 폴린 스테이블스 형사 과장 은 "" 이번 사건 은 한 남성 을 병원 에 입원 하 게 한 끔찍 한 사건 이 다 ."	0.0
292	293	""" 우리 는 책임자 들 을 확인 하 기 위해 여러 가지 조사 를 하 고 있 다 ."	""" 우리 는 책임자 들 의 신원 을 확인 하 기 위해 여러 가지 조사 를 하 고 있 다 . """	0.1364
293	294	""" 우리 가 일어난 일 에 대한 동기 를 확립 하 려고 노력 하 는 동안 , 우리 는 그 사건 이 표적 이 되 었 다고 믿 고 있 으며 , 나 는 이 시기 에 더 넓 은 지역 사회 에 어떠 한 위협 도 없 다고 믿 고 있 다는 것 을 강조 하 고 싶 다 ."	""" 우리 가 일어난 일 에 대한 동기 를 확립 하 려고 노력 하 는 동안 , 우리 는 그 사건 이 표적 이 되 었 다고 믿 고 있 으며 , 나 는 이 시기 에 더 넓 은 지역 사회 에 어떠 한 위협 도 없 다고 믿 고 있 다는 것 을 강조 하 고 싶 다 . """	0.0161
294	295	""" 저 밖 에 있 는 누군가 가 누가 이런 짓 을 했 는지 알 고 있 고 나 는 그 들 이 나서 서 우리 에게 말 을 걸 것 을 촉구 할 것 이 다 ."	""" 저 밖 에 있 는 누군가 가 누가 이런 짓 을 했 는지 알 고 있 고 나 는 그 들 이 나서 서 우리 에게 말 을 걸 것 을 촉구 할 것 이 다 . """	0.0256
295	296	""" 사랑 하 는 사람 이 의심 스럽 게 행동 하 거나 , 연기 나 휘발유 냄새 를 맡 거나 , 설명 할 수 없 는 부상 을 입 고 집 에 오 는가 ?"	“ 사랑 하 는 사람 이 의심 스럽 게 행동 하 거나 연기 나 휘발유 냄새 를 맡 거나 설명 할 수 없 는 부상 을 입 고 집 에 왔 나 ? ”	0.1765
296	297	""" 우리 는 이 끔찍 한 범죄 에 책임 이 있 는 사람 들 을 찾 아야 해 . """	""" 우리 는 이 끔찍 한 범죄 에 책임 이 있 는 사람 들 을 찾 아야 해 . """	0.0
297	298	다음 번 대 규모 노동 파업 이 오리 건 주 를 강타 하 다	다음 번 대 규모 노동 파업 이 오리 건 주 를 강타 하 다	0.0
298	299	"주립 대 근로자 들 "" 가장 긴급 한 불만 은 낮 은 임금 과 직장 에서 의 존엄성 부족 에 초점 을 맞추 고 있 다 ."	주립 대 노동자 들 의 가장 시급 한 불만 은 저 임금 과 직장 에서 의 존엄성 결여 에 있 다 .	0.4545
299	300	임금 격차 만 해도 충격 적 이 다 .	임금 격차 만 해도 충격 적 이 다 .	0.0
300	301	이 들 근로자 의 약 절반 은 연간 4 만 달러 미만 의 수입 을 올리 고 있 다 ( 그리고 수백 명 은 2 만 5 천 달러 미만 을 번다 ) .	이 들 근로자 의 약 절반 은 연간 4 만 달러 미만 의 수입 을 올리 고 있 다 ( 그리고 수백 명 은 2 만 5 천 달러 미만 을 번다 ) .	0.0
301	302	한편 , 대학 총장 들 의 연봉 은 평균 50 만 달러 , 대학 육상 코치 4 명 은 100 만 달러 를 절감 하 고 있 다 .	한편 대학 총장 의 연봉 은 평균 50 만 달러 , 대학 육상 코치 4 명 은 100 만 달러 를 절감 하 고 있 다 .	0.0741
302	303	학교 행정가 들 은 6 자리 의 급여 를 받 고 전반 적 인 행정 지출 은 계속 늘어나 고 있 지만 , 6 명 의 기밀 직원 중 1 명 은 식권 자격 을 얻 는다 .	학교 행정가 들 은 6 자리 의 급여 를 받 고 전반 적 인 행정 지출 은 계속 늘어나 고 있 지만 , 6 명 의 기밀 직원 중 1 명 은 식권 자격 을 얻 는다 .	0.0
303	304	"포틀랜드 주립 대학 의 또 다른 IT 직원 인 알레한드로 세구라 는 "" 사람 들 이 그 들 이 봉사 하 는 도시 에서 살 수 없 는 임금 을 받 는 것 은 공평 하 지 않 다고 생각 하 기 때문 에 파업 에 가 겠 다 "" 고 말 했 다 ."	"포틀랜드 주립 대학 의 또 다른 IT 직원 인 알레한드로 세구라 는 "" 사람 들 이 그 들 이 봉사 하 는 도시 에서 살 수 없 는 임금 을 받 는 것 은 공평 하 지 않 다고 생각 하 기 때문 에 파업 에 가 겠 다 "" 고 말 했 다 ."	0.0
304	305	"포틀랜드 주립 도서관 직원 테레사 스테이플 버그 는 "" 24 년 동안 이곳 에 있 었 기 때문 에 파업 을 하 고 싶 다 "" 고 말 했 다 ."	"포틀랜드 주립 도서관 직원 인 테레사 스테이플 버그 는 훨씬 더 직접 적 이 었 습니다 . "" 나 는 24 년 동안 여기 에 있 었 기 때문 에 파업 을 하 고 싶 다 . 그리고 나 는 임금 인상 이 필요 하 다 . 생활 임금 . """	0.4902
305	306	인플레이션 이 상승 하 고 오리 건 주 생활비 가 치솟 으면서 이 들 근로자 들 은 허둥지둥 방치 되 고 있 으며 경영진 은 그 들 의 곤경 에 대해 거의 동정심 을 보이 지 않 고 있 다 .	인플레이션 이 상승 하 고 오리 건 주 생활비 가 치솟 으면서 이 들 근로자 들 은 허둥지둥 방치 되 고 있 으며 경영진 은 그 들 의 곤경 에 대해 거의 동정심 을 보이 지 않 고 있 다 .	0.0
306	307	지난 2 월 부터 시작 된 계약 협상 은 8 월 중순 결렬 됐 다 .	지난 2 월 부터 시작 된 계약 협상 은 8 월 중순 결렬 됐 다 .	0.0
307	308	그 시점 에서 상사 들 은 특히 터무니없 는 제안 들 , 즉 보잘것없 는 생활비 인상 , 장기 대학 노동자 들 의 연공서열 요구 거부 , 그리고 직원 들 의 식사 가격 인상 등 근로자 들 이 무례 하 고 심지어 잔인 하 다고 본 몇 가지 를 제시 했었 다 .	그 시점 에서 상사 들 은 특히 터무니없 는 제안 들 , 즉 보잘것없 는 생활비 인상 , 장기 대학 노동자 들 의 연공서열 요구 거부 , 그리고 직원 들 의 식사 가격 인상 등 노동자 들 이 무례 하 고 심지어 잔인 하 다고 보 는 몇 가지 를 제시 했었 다 .	0.0556
308	309	"풀머 교수 는 "" 대학 에 는 불문율 수업 제도 가 있 다 "" 고 말 했 다 ."	"풀머 는 "" 대학 에 는 불문율 수업 제도 가 있 다 "" 고 말 했 다 ."	0.0556
309	310	""" 그리고 우리 는 그 밑바닥 에 있 다 . """	""" 그리고 우리 는 그 밑바닥 에 있 다 . """	0.0
310	311	"그 는 이어 "" 교육 종사자 들 은 수십 년 동안 공격 을 받 아 왔 다 "" 고 덧붙였 다 ."	"그 는 이어 "" 교육 종사자 들 은 수십 년 동안 공격 을 받 아 왔 다 "" 고 덧붙였 다 ."	0.0
311	312	""" 우리 는 마침내 일어서 서 반격 하 고 있 다 ."	""" 우리 는 마침내 일어서 서 반격 하 고 있 다 ."	0.0
312	313	경영진 들 이 상대 적 으로 음란 한 급여 가 인플레이션 보다 높 은 비율 로 계속 오르 고 있 다고 보 고 있 기 때문 에 , 계급주의 와 기업 계 의 중산 층 의 압박 을 보 는 것 은 한 가지 일 이 다 .	경영진 들 이 상대 적 으로 음란 한 급여 가 인플레이션 보다 높 은 비율 로 계속 오르 고 있 다고 보 고 있 기 때문 에 , 계급주의 와 기업 계 의 중산 층 의 압박 을 보 는 것 은 한 가지 일 이 다 .	0.0
313	314	"그러나 교육 에서 도 같 은 일 이 일어나 는 것 은 노동자 들 이 계속 용인 할 일 이 아니 다 . """	"그러나 교육 에서 도 같 은 일 이 일어나 는 것 은 노동자 들 이 계속 용인 할 일 이 아니 다 . """	0.0
314	315	그리고 오레 곤 의 주립 대학 근로자 들 만 이 조치 를 취하 는 것 은 아니 다 .	그리고 오레 곤 의 주립 대학 근로자 들 만 이 조치 를 취하 는 것 은 아니 다 .	0.0
315	316	오레 곤 은 지금 호전 성 의 분말 통 이 며 , 그 퓨즈 는 현재 밝 고 뜨겁 게 타오르 고 있 다 .	오레 곤 은 지금 호전 성 의 분말 통 이 며 , 그 퓨즈 는 현재 밝 고 뜨겁 게 타오르 고 있 다 .	0.0
316	317	프레드 마이어 슈퍼마켓 체인 의 식료품 점 근로자 들 은 고용주 에 대한 캠페인 을 강화 하 고 있 으며 , 아직 파업 할 공식 적 인 계획 은 없 지만 긴장 이 고조 되 고 있 다 ; 그 들 의 노조 인 유나이티 드 푸드 앤 상업 노동자 지역 555 는 이미 보이콧 을 요구 했 고 , 체인 에 대해 불 공정 한 노동 관행 보고서 를 제출 했 다 .	프레드 마이어 슈퍼마켓 체인 의 식료품 점 근로자 들 은 고용주 에 대한 캠페인 을 강화 하 고 있 으며 , 아직 파업 할 공식 적 인 계획 은 없 지만 긴장 이 고조 되 고 있 다 ; 그 들 의 노조 인 유나이티 드 푸드 앤 상업 노동자 지역 555 는 이미 보이콧 을 요구 했 고 , 체인 에 대해 불 공정 한 노동 관행 보고서 를 제출 했 다 .	0.0
317	318	의료 분야 에서 는 카이저 퍼머넌트 의 4 , 500 명 의 서비스 직원 국제 연합 지역 49 명 의 근로자 들 이 10 월 에 기존 계약 이 만료 되 기 전 에 협상 이 타결 되 지 않 을 경우 파업 ( 98 % 의 승인 률 로 ) 을 승인 했 는데 , 이 는 새로운 잠정 적 인 합의 로 간신히 피했 다 .	의료 분야 에서 는 카이저 퍼머넌트 의 4 , 500 명 의 서비스 직원 국제 연합 지역 49 명 의 근로자 들 이 10 월 에 기존 계약 이 만료 되 기 전 에 협상 이 타결 되 지 않 을 경우 파업 ( 98 % 의 승인 률 로 ) 을 승인 했 는데 , 이 는 새로운 잠정 적 인 합의 로 간신히 피했 다 .	0.0
318	319	업계 다른 곳 에서 는 아 스토리 아 병원 의 120 명 이상 의 간호사 를 대표 하 는 오레 곤 간호사 협회 가 병원 행정부 와 의 계약 협상 에서 교착 상태 에 빠져 있 습니다 . 그 들 의 마지막 계약 은 5 월 에 만료 되 었 고 시계 는 똑딱거리 고 있 다 .	업계 다른 곳 에서 는 아 스토리 아 병원 의 120 명 이상 의 간호사 를 대표 하 는 오레 곤 간호사 협회 가 병원 행정부 와 의 계약 협상 에서 교착 상태 에 빠져 있 습니다 . 그 들 의 마지막 계약 은 5 월 에 만료 되 었 고 시계 는 똑딱거리 고 있 다 .	0.0
319	320	"벌리 는 "" 오레 곤 은 정말 강력 한 노동 운동 을 하 고 있 다 "" 고 설명 했 다 ."	"벌리 는 "" 오레 곤 은 정말 강력 한 노동 운동 을 하 고 있 다 "" 고 설명 했 다 ."	0.0
320	321	""" 이것 은 노동 성 장 의 국가 적 물결 의 일부분 이 다 ."	""" 이것 은 노동 성 장 의 국가 적 물결 의 일부분 이 다 ."	0.0
321	322	실질 임금 이 떨어지 고 , 해결책 이 직장 내 집단 행동 인 불 안정 한 경제 를 보 고 있 다고 말 했 다 .	실질 임금 이 떨어지 고 , 해결책 이 직장 내 집단 행동 인 불 안정 한 경제 를 보 고 있 다고 말 했 다 .	0.0
322	323	올 가을 이런 집단 행동 이 얼마나 깊이 뿌리내릴지 는 분명 치 않 지만 , 2019 년 총파업 이 북서부 로 복귀 한다면 확실히 적합 할 것 이 다 .	올 가을 이런 집단 행동 이 얼마나 깊이 뿌리내릴지 는 분명 치 않 지만 , 2019 년 총파업 이 북서부 로 복귀 한다면 확실히 적합 할 것 이 다 .	0.0
323	324	그리고 거기 서부터 우리 는 그 정신 이 중서부 농업 , 남부 제조업 , 텍사스 유전 , 애팔래치아 탄광 , 북동부 건설 , 실리콘 밸리 기술 대 기업 , 그리고 그 사이 에 있 는 모든 곳 의 심장부 로 더 확산 되 기 를 바랄 뿐 이 다 .	그리고 거기 서부터 우리 는 그 정신 이 중서부 농업 , 남부 제조업 , 텍사스 유전 , 애팔래치아 탄광 , 북동부 건설 , 실리콘 밸리 기술 대 기업 , 그리고 그 사이 에 있 는 모든 곳 의 심장부 로 더 확산 되 기 를 바랄 뿐 이 다 .	0.0
324	325	신 은 뭔가 가 줄 수 있 다는 걸 아신다 .	신 은 뭔가 가 줄 수 있 다는 걸 아신다 .	0.0
325	326	메 한 은 왕실 의 의무 속 에서 ' 마음 의 욕망 을 충족 시키 고 ' 자신 의 필요 를 ' 사라지 게 ' 하 는 것 을 거부 한다 .	"메 한 은 "" 마음 의 욕망 을 충족 시키 고 "" 자신 의 필요 를 왕실 의 의무 속 에서 "" 사라지 게 "" 하 는 것 을 거부 한다 ."	0.1562
326	327	메 한 마클 은 ' 마음 의 욕망 을 충족 시키 기 ' 로 결심 하 고 있 으며 , 이제 그녀 는 왕실 의 일원 이 되 었 고 , 소녀 들 뿐 만 아니 라 어린 소년 들 의 역할 모델 이 되 기 를 원한다 .	"메 한 마클 은 "" 마음 의 욕망 을 충족 시키 기 "" 로 결심 하 고 있 으며 , 이제 그녀 는 왕실 의 일원 이 되 었 고 , 소녀 들 뿐 만 아니 라 어린 소년 들 의 역할 모델 이 되 기 를 원한다 ."	0.0408
327	328	서섹스 공작부인 ( 38 ) 은 이번 주 초 남편 해리 왕자 와 함께 남아프리카 공화국 을 순방 하 던 중 케이프타운 우드스톡 거래소 에서 여성 기업가 들 에게 영감 을 준 행사 에서 이 같이 말 한 것 으로 알려졌 다 .	서섹스 공작부인 ( 38 ) 은 이번 주 초 남편 해리 왕자 와 함께 남아프리카 공화국 을 순방 하 던 중 케이프타운 우드스톡 거래소 에서 여성 기업가 들 에게 영감 을 준 행사 에서 이 같이 말 한 것 으로 알려졌 다 .	0.0
328	329	UK - SA Tech Hub 인 Woodstock Exchange 는 기업가 , 특히 여성 이 기술 , 자원 및 지원 을 획득 할 수 있 도록 지원 함 으로써 기술 개발 및 시장 접근 에 중점 을 둡니다 .	UK - SA Tech Hub 인 Woodstock Exchange 는 기업가 , 특히 여성 이 기술 , 자원 및 지원 을 획득 할 수 있 도록 지원 함 으로써 기술 개발 및 시장 접근 에 중점 을 둡니다 .	0.0
329	330	‘ 출발 하 는 숙녀 들 ’ 모임 에서 는 전 여배우 ( 38 ) 가 기술 , 보존 , 패션 등 산업 에 자사 사업 을 시작 한 여러 여성 들 을 만나 ‘ 다음 세대 를 힘내 라 ’ 는 창의 적 인 마음 을 칭찬 하 는 모습 을 봤 다 .	‘ 출발 하 는 여인 들 ’ 모임 에서 는 전 여배우 ( 38 ) 가 기술 , 보존 , 패션 등 산업 에 사업 을 차린 여성 들 을 만나 창의 적 인 마음 의 ‘ 다음 세대 를 힘내 라 ’ 고 칭찬 하 는 모습 을 보 았 다 .	0.2075
330	331	젊 은 여성 과 소녀 들 의 힘 을 얻 기 위해 강력 하 게 캠페인 을 벌여온 여성 기술 설립자 메 한 과 의 대화 에서 그녀 는 젊 은 남성 들 을 위해 같 은 일 을 하 기 를 희망 한다고 말 했 다 .	젊 은 여성 과 소녀 들 의 힘 을 얻 기 위해 강력 하 게 캠페인 을 벌여온 여성 기술 설립자 메 한 과 의 대화 에서 그녀 는 젊 은 남성 들 을 위해 같 은 일 을 하 기 를 희망 한다고 말 했 다 .	0.0
331	332	남아프리카 의 엔지니어 , 사회 적 기업가 , 공학 분야 의 공동 설립자 인 두 아이 의 어머니 나디 야 무 사지 는 ' 우리 는 소녀 들 을 위한 교육 뿐 만 아니 라 소년 들 을 위한 역할 모델 이 되 는 것 의 중요 성 을 인정 했 다 . 우리 는 영향 력 있 고 소년 들 이 존경 할 수 있 는 여성 이 다 ' 라고 사람 들 은 보 고 한다 .	"남아프리카 의 엔지니어 이 자 사회 사업가 이 자 공학 분야 의 여성 공동 설립자 인 Naadiya Moosajee 는 다음 과 같이 밝혔 다 . "" 우리 는 소녀 를 위한 교육 뿐 만 아니 라 소년 을 위한 역할 모델 의 중요 성 을 인정 했 습니다 . 우리 는 영향 력 있 고 소년 이 존경 할 수 있 는 여성 입니다 . "" 라고 People 은 보 고 합니다 ."	0.411
332	333	' 우리 둘 다 아들 이 있 고 , 우리 는 단지 소녀 들 을 위한 역할 모델 일 뿐 만 아니 라 소년 들 을 위한 역할 모델 일 뿐 아니 라 , 일반 적 으로 공공 장소 에서 도 그렇 다는 것 을 염두 에 두 고 있 었 다 . '	""" 우리 둘 다 아들 이 있 고 , 우리 는 단지 소녀 들 을 위한 역할 모델 이 아니 라 소년 들 을 위한 역할 모델 일 뿐 아니 라 , 우리 의 아들 들 뿐 만 아니 라 , 일반 적 으로 공공 장소 에서 도 그렇 다는 것 을 염두 에 두 고 있 었 다 . """	0.1803
333	334	그녀 는 메건 이 ' 여성 들 이 함께 모여 우리 가 가진 투쟁 과 앞 으로 나아가 고 성장 하 고 사회 를 변화 시키 기 위해 우리 가 해야 할 일 들 에 대한 이야기 ' 였 기 때문 에 ' 계층 적 인 느낌 을 받 지 못했 다 ' 고 덧붙였 다 .	"그녀 는 메건 이 "" 여성 들 이 함께 모여 우리 가 가진 투쟁 과 앞 으로 나아가 고 성장 하 고 사회 를 변화 시키 기 위해 우리 가 해야 할 일 들 에 대한 이야기 "" 였 기 때문 에 "" 계층 적 인 느낌 을 받 지 못했 다 "" 고 덧붙였 다 ."	0.0702
334	335	기술 훈련 회사 인 시모 디사 의 설립자 인 마시 모디 스 는 메건 이 폴드 의 일원 임 에 도 불구 하 고 가슴 에 가까운 문제 들 을 계속 옹호 할 것 이 라고 말 했 다 .	기술 훈련 회사 인 시모 디사 의 설립자 인 마시 모디 스 는 메건 이 폴드 의 일원 임 에 도 불구 하 고 가슴 에 가까운 문제 들 을 계속 옹호 할 것 이 라고 말 했 다 .	0.0
335	336	' 그녀 는 엄마 가 되 고 공작부인 으로서 의 의무 를 가지 고 그녀 의 마음 이 원 하 는 것 을 성취 하 는 것 에 대해 이야기 했 고 , 당신 이 공작부인 이 기 때문 에 그것 이 그냥 사라질 수 는 없 다고 말 했 다 . ' 라고 모디 스 는 회상 했 다 .	"모디 스 는 "" 그녀 는 엄마 가 되 고 공작부인 으로서 의 의무 를 지 고 자신 의 마음 이 원 하 는 것 을 성취 하 는 것 에 대해 이야기 했 고 , 당신 이 공작부인 이 되 었 으니 그것 이 그냥 사라질 수 는 없 다고 말 했 다 "" 고 회상 했 다 ."	0.25
336	337	' 자신 의 모습 에 충실 해야 한다는 것 . '	“ 자네 가 누구 인지 에 충실 해야 한다는 것 . ”	0.5
337	338	그녀 는 공작부인 이 새로운 아이디어 를 강행 하 도록 강요 했 고 , 그 들 이 따라올 다른 사람 들 을 위해 그것 을 하 고 있 다는 것 을 알 고 어떻게 계속 밀 고 나아가 야 하 는지 에 대해 말 했 다고 말 했 다 .	그녀 는 공작부인 이 새로운 아이디어 를 강행 하 도록 강요 했 고 , 그 들 이 따라올 다른 사람 들 을 위해 그것 을 하 고 있 다는 것 을 알 고 어떻게 계속 밀 고 나아가 야 하 는지 에 대해 말 했 다고 말 했 다 .	0.0
338	339	""" 그녀 는 왕족 이 되 는 것 을 말 하 는 것 이 아니 라 , 여러분 이 도전 을 할 때 일반 적 으로 삶 을 말 하 는 것 이 었 다 . "" 라고 모디 스 는 메 한 에게 약간 ' 엄청난 ' 느낌 을 받 았 다고 인정 하 면서 덧붙였 다 ."	"모디 스 는 메 한 에게 약간 ' 엄청난 ' 느낌 을 받 았 다고 인정 하 며 "" 그녀 는 왕족 이 아니 라 일반 적 으로 도전 이 있 을 때 삶 을 언급 하 고 있 었 다 "" 고 덧붙였 다 ."	0.6087
339	340	' 그녀 는 은총 을 발산 하 고 그녀 는 그런 은총 으로 가지 고 있 는 이 일 을 하 고 있 다 ' 고 모디 스 는 말 했 다 .	"모디 스 는 "" 그녀 는 은총 을 발산 하 고 있 으며 자신 이 가지 고 있 는 이 일 을 그렇게 은총 으로 받아들이 고 있 다 "" 고 말 했 다 ."	0.2857
340	341	우리 들 중 많 은 사람 들 이 설립자 로서 놀라운 일 을 해 왔 지만 , 왕실 을 만나 는 것 은 꽤 위압 적 이 다 .	“ 우리 들 중 많 은 사람 들 이 창립자 로서 놀라운 일 을 해 왔 지만 , 왕족 을 만나 는 것 은 꽤 위압 적 이 야 .	0.1333
341	342	그녀 는 쉽 게 해냈 다 .	그녀 는 쉽 게 해냈 다 .	0.0
342	343	그녀 는 쉽 게 왕족 이 다 . '	"그녀 는 쉽 게 왕족 이 야 . """	0.2222
343	344	메 한 은 또한 그녀 가 일 하 는 엄마 가 되 는 압박감 을 즐기 고 있 다고 밝히 면서 , 그녀 가 저글링 이 왕족 이 라는 것 을 인정 하 고 아기 아치 를 ' 많이 ' 돌보 고 있 지만 , ' 너무 흥분 된다 ' 고 말 했 다 .	"메 한 은 또한 자신 이 일 하 는 엄마 가 되 어야 한다는 압박감 을 느끼 고 있 다고 밝히 면서 , 그녀 가 저글링 이 왕족 이 라는 것 을 인정 하 고 아기 아치 를 "" 많이 "" 돌보 고 있 지만 "" 너무 흥분 된다 "" 고 말 했 다 ."	0.1818
344	345	메 한 은 케이프 혁신 기술 CEO 인 두 아이 의 엄마 라라 로스 마린 과 의 인터뷰 에서 ' 우리 는 지금 5 개월 밖에 안 남 았 어 .	"메 한 은 케이프 이노베이션 과 테크놀로지 의 CEO 인 라라 로스 마린 과 의 인터뷰 에서 "" 우리 는 지금 5 개월 밖에 안 남 았 다 ."	0.2759
345	346	일 하 는 엄마 로서 아기 와 함께 여행 하 는 것 , 세상 에 , 정말 많 은 일 이 긴 하 지만 , 모든 것 이 너무 흥미진진 해 .	"일 하 는 엄마 로서 아기 와 함께 여행 하 는 것 도 좋 지만 , 정말 신 나 . """	0.8571
346	347	"' 저글링 할 것 이 많 지만 , 그 다음 에 누군가 를 만나 그 들 에게 영향 을 미치 고 "" 아하 "" 라고 말 하 는 날 이 있 는데 , 그것 은 매우 보람 이 있 다 . '"	""" 저글링 할 게 많 은 날 들 이 있 지만 , 그 다음 에 누군가 를 만나 그 들 에게 영향 을 미치 고 "" 아하 "" 라고 말 하 는 날 이 있 는데 , 정말 보람 이 있 다 . """	0.2273
347	348	메 한 은 그 후 HIV 를 가진 여성 들 을 훈련 시키 고 고용 하 는 이 도시 의 어머니 2 마 더 스 조직 에 갔 다 .	메 한 은 그 후 HIV 를 가진 여성 들 을 훈련 시키 고 고용 하 는 이 도시 의 어머니 2 마 더 스 조직 에 갔 다 .	0.0
348	349	그녀 는 ' 미래 ' 라고 쓰인 아치 의 아기 옷 과 그 가 더 이상 맞 지 않 는 인 빅 투스 베이비 그로 를 포함 한 아치 의 아기 옷 몇 벌 을 아이 들 과 함께 보낸 친구 들 의 기부 와 함께 가져갔 다 .	"그녀 는 아치 의 아기 옷 들 중 일부 를 가져갔 는데 , 여기 에 는 "" 미래 "" 라고 쓰인 것 과 그 가 더 이상 맞 지 않 는 그 의 인 빅 투스 베이비 그로 가 포함 되 어 있 다 ."	0.6444
349	350	SNP 는 제레미 코빈 을 임시 총리 로 지지 해 브렉 시트 를 중단 할 수 있 다 .	SNP 는 제레미 코빈 을 임시 총리 로 지지 해 브렉 시트 를 중단 할 수 있 다 .	0.0
350	351	SNP 는 무 실점 브렉 시트 를 저지 하 기 위해 다우닝가 에 제레미 코빈 을 임시 로 설치 하 는 것 을 지지 할 수 있 다는 신호 를 보냈 다 .	SNP 는 무 실점 브렉 시트 를 저지 하 기 위해 다우닝가 에 제레미 코빈 을 임시 로 설치 하 는 것 을 지지 할 수 있 다는 신호 를 보냈 다 .	0.0
351	352	하원 의원 과 다우닝가 사이 의 긴장 이 깊 어 지 자 니콜라 스터 건 은 총선 때 까지 노동당 대표 를 보좌 총리 로 밀 어 넣 을 수 있 다고 제안 했 다 .	하원 의원 과 다우닝가 사이 의 긴장 이 깊 어 지 자 니콜라 스터 건 은 총선 때 까지 노동당 대표 를 보좌 총리 로 밀 어 넣 을 수 있 다고 제안 했 다 .	0.0
352	353	코빈 씨 는 반군 토리 당원 과 야당 의원 들 에게 8 월 에 임시 행정부 를 이끌 도록 그 를 지지 해 줄 것 을 요청 했 지만 , 이러 한 움직임 은 특히 자유민주당 지도자 조 스윈 슨 으로부터 저항 에 부딪혔 다 .	코빈 씨 는 반군 토리 당원 과 야당 의원 들 에게 8 월 에 임시 행정부 를 이끌 도록 그 를 지지 해 줄 것 을 요청 했 지만 , 이러 한 움직임 은 특히 자유민주당 지도자 조 스윈 슨 으로부터 저항 에 부딪혔 다 .	0.0
353	354	이 제안 에 따라 야당 은 불신임 투표 로 보리스 존슨 을 축출 하 고 10 월 31 일 영국 이 EU 에서 붕괴 되 는 것 을 막 기 위한 연장 을 모색 하 는 통합 정부 를 구성 할 것 이 다 .	이 제안 에 따라 야당 은 불신임 투표 로 보리스 존슨 을 축출 하 고 10 월 31 일 영국 이 EU 에서 붕괴 되 는 것 을 막 기 위한 연장 을 모색 하 는 통합 정부 를 구성 할 것 이 다 .	0.0
354	355	이 계획 은 당시 당간 지지 를 얻 지 못했 지만 , SNP 의 고위 인사 들 은 존슨 대통령 이 10 월 19 일 이전 에 협상 이 이루어지 지 않 을 경우 브렉 시트 를 연기 하 도록 강요 하 는 법 을 어길 수 있 다고 우려 하 고 있 다 .	이 계획 은 당시 당간 지지 를 얻 지 못했 지만 , SNP 의 고위 인사 들 은 존슨 대통령 이 10 월 19 일 이전 에 협상 이 이루어지 지 않 을 경우 브렉 시트 를 연기 하 도록 강요 하 는 법 을 어길 수 있 다고 우려 하 고 있 다 .	0.0
355	356	"니콜라 스터 건 SNP 대표 는 코빈 씨 가 존슨 씨 를 맡 게 하 는 것 은 "" 끔찍 한 생각 "" 이 기 때문 에 연장 을 확보 하 기 위해 코빈 씨 를 데려올 수 있 다고 제안 했 다 . """	"니콜라 스터 건 SNP 대표 는 코빈 씨 가 존슨 씨 를 맡 게 하 는 것 은 "" 끔찍 한 생각 "" 이 기 때문 에 연장 을 확보 하 기 위해 코빈 씨 를 데려올 수 있 다고 제안 했 다 . """	0.0
356	357	"그녀 는 노동당 대표 나 다른 임시 총리 를 설치 하 자는 트윗 에 대해 "" 이것 에 찬성 한다 ."	"그녀 는 노동당 대표 나 다른 임시 총리 를 설치 하 자는 트윗 에 대해 "" 이것 에 찬성 한다 "" 고 말 했 다 ."	0.1923
357	358	""" 신뢰 가 없 는 투표 , 야당 은 연장 을 확보 하 기 위한 유일 한 목적 으로 누군가 를 중심 으로 단결 한 다음 즉각 적 인 총선 을 실시 한다 ."	""" 신뢰 가 없 는 투표 , 야당 은 연장 을 확보 하 기 위한 유일 한 목적 으로 누군가 를 중심 으로 단결 한 다음 즉각 적 인 총선 을 실시 한다 . """	0.0286
358	359	""" 위험 이 없 는 것 은 없 지만 존슨 을 우편 으로 남겨 두 고 어떤 거 래도 , 심지어 나쁜 거 래도 강요 하 는 것 은 나 에게 끔찍 한 생각 처럼 보인다 . """	""" 위험 이 없 는 것 은 없 지만 존슨 을 우편 으로 남겨 두 고 어떤 거 래도 , 심지어 나쁜 거 래도 강요 하 는 것 은 나 에게 끔찍 한 생각 처럼 보인다 . """	0.0
359	360	베테랑 하원 의원 해리엇 하먼 과 켄 클라크 는 모두 통합 정부 를 이끌 잠재 적 인 인물 로 지명 되 었 지만 , 한 고위 SNP 소식통 은 그것 이 노동당 지도자 가 되 어야 한다고 주장 했 다 .	베테랑 하원 의원 해리엇 하먼 과 켄 클라크 는 모두 통합 정부 를 이끌 잠재 적 인 인물 로 지명 되 었 지만 , 한 고위 SNP 소식통 은 그것 이 노동당 지도자 가 되 어야 한다고 주장 했 다 .	0.0
360	361	"이 소식통 은 ITV 로버트 페스 턴 과 의 인터뷰 에서 "" 신뢰 가 없 는 투표 를 통해 새 총리 를 설치 해야 브렉 시트 지연 을 요청 하 고 선거 를 치를 수 있 다는 것 이 점점 더 명백 해 지 고 있 다 "" 고 말 했 다 ."	"이 소식통 은 ITV 로버트 페스 턴 과 의 인터뷰 에서 "" 신뢰 가 없 는 투표 를 통해 새 총리 를 설치 해야 브렉 시트 지연 을 요청 하 고 선거 를 치를 수 있 다는 것 이 점점 더 명백 해 지 고 있 다 "" 고 말 했 다 ."	0.0
361	362	""" 국가 통합 후보 인 타협 후보 를 찾 으려는 노력 은 특히 우리 가 가지 고 있 는 시대 에 너무 복잡 하 다 ."	""" 국가 통합 후보 인 타협 후보 를 찾 으려는 노력 은 특히 우리 가 가지 고 있 는 시대 에 너무 복잡 하 다 ."	0.0
362	363	"사람 들 이 좋 아 하 든 싫 어 하 든 임시 총리 는 코빈 이 어야 한다 . """	"사람 들 이 좋 아 하 든 싫 어 하 든 임시 총리 는 코빈 이 어야 한다 . """	0.0
363	364	"SNP 대변인 은 당 이 "" 이 위험 하 고 비 민주 적 인 총리 "" 를 가능 한 한 빨리 제거 하 고 , 비 타협 적 인 브렉 시트 를 중단 하 는 데 전념 하 고 있 다고 말 했 다 ."	"SNP 대변인 은 당 이 "" 이 위험 하 고 비 민주 적 인 총리 "" 를 가능 한 한 빨리 제거 하 고 , 비 타협 적 인 브렉 시트 를 중단 하 는 데 전념 하 고 있 다고 말 했 다 ."	0.0
364	365	"대변인 은 "" 정치 적 의지 가 있 다면 정당 들 이 함께 모여 연장 을 확보 하 기 위한 서한 이 보리스 존슨 과 그 의 동료 들 의 손 에 맡겨 지 지 않 도록 할 수 있 다 "" 고 말 했 다 . 보리스 존슨 과 그 의 동료 들 은 벤 법 을 우회 할 방법 을 찾 기 로 결심 하 고 대신 편지 를 보내 는 데 필요 한 한 임시 관리 인 총리 가 그 편지 를 보내 게 된다 . 그 후 바로 선거 가 치러진다 ."	"대변인 은 "" 정치 적 의지 가 있 다면 정당 들 이 함께 모여 연장 을 위한 서한 이 보리스 존슨 과 그 의 동료 들 의 손 에 맡겨 지 지 않 도록 할 수 있 다 "" 고 말 했 다 . 보리스 존슨 과 그 의 동료 들 은 벤 법 을 우회 할 방법 을 찾 기 로 결심 하 고 대신 편지 를 보내 는 데 필요 한 한 시간 동안 만 재임 할 임시 관리 인 총리 가 그 편지 를 보내 게 된다 . "" 그 후 선거 가 치러진다 . """	0.1111
365	366	""" 우리 는 불발 브렉 시트 를 중단 하 고 보리스 존슨 을 없애 기 위한 목표 를 달성 하 기 위해 모든 선택 사항 에 대해 개방 되 어 있 다 . """	""" 우리 는 불발 브렉 시트 를 중단 하 고 보리스 존슨 을 없애 기 위한 목표 를 달성 하 기 위해 모든 선택 사항 에 대해 개방 되 어 있 다 . """	0.0
366	367	SNP 의 지지 에 도 불구 하 고 , 그것 은 코빈 씨 에게 최 첨단 투표 로 귀결 될 것 이 다 .	SNP 의 지지 에 도 불구 하 고 , 그것 은 코빈 씨 에게 최 첨단 투표 로 귀결 될 것 이 다 .	0.0
367	368	토리 당원 288 명 과 민주 연합 원 10 명 이 있 기 때문 에 야당 은 34 명 의 독립 하원 의원 중 일부 가 참여 해야 할 것 이 다 .	토리 당원 288 명 과 민주 연합 원 10 명 이 있 기 때문 에 야당 은 34 명 의 독립 하원 의원 중 일부 가 참여 해야 할 것 이 다 .	0.0
368	369	"노동당 은 이 계획 이 "" 거래 를 중단 하 는 가장 간단 하 고 민주 적 인 방법 "" 이라고 주장 했 다 . """	"노동당 은 이 계획 이 "" 거래 를 중단 하 는 가장 간단 하 고 민주 적 인 방법 "" 이라고 주장 했 다 . """	0.0
369	370	그러나 자유민주당 은 코빈 씨 가 이끄 는 임시 정부 가 하원 전체 에서 필요 한 지지 를 얻 을 수 없 다고 믿 고 있 다 . 왜냐하면 그 는 자신 의 당 에서 온 전직 토리 당원 들 과 탈북자 들 의 지원 이 필요 할 것 이 기 때문 이 다 .	그러나 자유민주당 은 코빈 씨 가 이끄 는 임시 정부 가 하원 전체 에서 필요 한 지지 를 얻 을 수 없 다고 믿 고 있 다 . 왜냐하면 그 는 자신 의 당 에서 온 전직 토리 당원 들 과 탈북자 들 의 지원 이 필요 할 것 이 기 때문 이 다 .	0.0
370	371	"앵거스 의 토리 하원 의 원인 커스틴 헤어 는 "" 이 보고서 는 많 은 사람 들 이 오랫동안 의심 해 온 것 을 확인 시켜준다 - SNP 의원 들 은 10 번 에서 제레미 코빈 을 행복 하 게 지 지 할 것 이 다 ."	"앵거스 의 토리 하원 의 원인 커스틴 헤어 는 "" 이 보고서 는 많 은 사람 들 이 오랫동안 의심 해 온 것 을 확인 시켜준다 - SNP 의원 들 은 10 번 에서 제레미 코빈 을 행복 하 게 지 지 할 것 이 다 . """	0.0208
371	372	""" 인디 레프 2 에 대한 코빈 의 약한 입장 이 민족주의자 들 에게 결정 적 인 요인 이 라는 것 은 의심 의 여지 가 없 다 ."	""" 인디 레프 2 에 대한 코빈 의 약한 입장 이 민족주의자 들 에게 결정 적 인 요인 이 라는 것 은 의심 의 여지 가 없 다 . """	0.0333
372	373	"그 는 "" 총리 가 되 면 2014 년 국민 투표 재방송 을 위해 이미 문 을 열 어 뒀 다 ."	"총리 가 되 면 2014 년 국민 투표 재출마 를 위해 이미 문 을 열 어 둔 겁니다 . """	0.35
373	374	""" 보수 정부 만 이 한 세대 동안 한 번 있 을 예정 이 었 던 행사 에서 "" 아니 오 "" 라고 투표 한 사람 들 을 옹호 할 것 이 다 . """	""" 보수 정부 만 이 한 세대 동안 한 번 있 을 예정 이 었 던 행사 에서 "" 아니 오 "" 라고 투표 한 사람 들 을 옹호 할 것 이 다 . """	0.0
374	375	"헝가리 총리 오르반 , EU 집행부 후보 옹호 , "" 해결책 이 있 다 """	"헝가리 총리 오르반 , EU 집행부 후보 옹호 , "" 해결책 이 있 다 """	0.0
375	376	"빅토르 오르반 총리 는 헝가리 의 유럽 위원회 후보 가 부결 된 후 "" 그 의 주머니 속 에 "" 몇 가지 해결책 이 있 다고 말 했 다 ."	"빅토르 오르반 총리 는 헝가리 의 유럽 위원회 후보 가 부결 된 후 "" 그 의 주머니 속 에 "" 몇 가지 해결책 이 있 다고 말 했 다 ."	0.0
376	377	EU 교통 국장 지명자 , 루마니아 사회주의 정치 인 로바 나 플럼 , EU 확대 담당 집행 위원 , 라즐로 트 로 카 니 전 헝가리 법무 장관 은 재무제표 의 불 일치 때문 에 인사 청문회 가 진행 될 수 없 다는 말 을 들 었 다고 로이터 통신 이 보도 했 다 .	EU 교통 국장 지명자 , 루마니아 사회주의 정치 인 로바 나 플럼 , EU 확대 담당 집행 위원 , 라즐로 트 록 사니 전 헝가리 법무 장관 은 재무제표 의 불 일치 때문 에 인사 청문회 가 진행 될 수 없 다는 말 을 들 었 다고 로이터 통신 이 보도 했 다 .	0.0556
377	378	"오르반 은 ""[ 트 로 카니 ] 가 유럽 위원회 위원 이 되 기 에 가장 적합 한 후보 라고 확신 한다 "" 고 말 했 다 ."	"오르반 은 ""[ 트 로 크사니 ] 가 유럽 위원회 위원 이 되 기 에 가장 적합 한 후보 라고 확신 한다 "" 고 말 했 다 ."	0.0357
378	379	그 의 죄 는 그 가 정부 와 나 를 도왔 다는 것 이 었 다 . .. 헝가리 를 이주 로부터 보호 하 기 위해서 입니다 .	그 의 죄 는 그 가 정부 와 나 를 도왔 다는 것 이 었 다 . .. 헝가리 를 이주 로부터 보호 하 기 위해서 입니다 .	0.0
379	380	이번 조치 는 트 로 카니 를 제안 한 오르반 에게 당혹 스러운 것 으로 보여 지 며 , 그 의 이 주 정책 과 다른 문제 들 을 놓 고 브뤼셀 과 끊임없이 갈등 을 빚 어 왔 다 .	이 움직임 은 Trócsányi 를 제안 한 Orban 에게 당혹 스러운 것 으로 보여 지 며 , 그 의 이 주 정책 및 기타 문제 로 브뤼셀 과 끊임없이 갈등 을 빚 어 왔 다 .	0.3611
380	381	클리블랜드 경찰 은 모든 분야 에서 검사관 들 에 의해 ' 실패 ' 라는 낙인 을 찍 었 다 .	클리블랜드 경찰 은 모든 분야 에서 검사관 들 에 의해 ' 실패 ' 라는 낙인 을 찍 었 다 .	0.0
381	382	"스캔들 로 타격 을 입 은 클리블랜드 경찰 은 모든 지역 에서 검사관 들 에 의해 "" 실패 "" 라는 낙인 이 찍힌 최초 의 세력 이 되 었 다 ."	"스캔들 로 타격 을 입 은 클리블랜드 경찰 은 모든 지역 에서 검사관 들 에 의해 "" 실패 "" 라는 낙인 이 찍힌 최초 의 세력 이 되 었 다 ."	0.0
382	383	그것 은 범죄 를 줄이 고 사람 들 을 안 전하 게 지키 고 효율 적 으로 운영 하 며 , 대중 과 그 노동력 을 다루 는 방식 을 면밀히 조사 한 HMICFRS ( Her Majest ' s Inspectorate of Constitution and Fire and Rescue Services ) 에 의해 전반 적 으로 그리고 세 가지 핵심 분야 에서 불 충분 하 다고 평가 되 어 왔 다 .	그것 은 범죄 를 줄이 고 사람 들 을 안 전하 게 지키 고 효율 적 으로 운영 하 며 , 대중 과 그 노동력 을 다루 는 방식 을 면밀히 조사 한 HMICFRS ( Her Majest ' s Inspectorate of Constitution and Fire and Rescue Services ) 에 의해 전반 적 으로 그리고 세 가지 핵심 분야 에서 불 충분 하 다고 평가 되 어 왔 다 .	0.0
383	384	"이번 조사 결과 는 이 부대 가 사실상 특별 조치 에 빠져들 게 된다는 것 을 의미 하 며 , 이 조치 는 경찰 청장 과 경찰 , 범죄 청장 이 국가 위원회 에 소집 되 어 "" 중대 한 개선 "" 을 보장 하 기 위한 그 들 의 계획 에 대해 의문 을 제기 한다 ."	"이번 조사 결과 는 이 부대 가 사실상 특별 조치 에 빠져들 게 된다는 것 을 의미 하 며 , 이 조치 는 경찰 청장 과 경찰 , 범죄 청장 이 국가 위원회 에 소집 되 어 "" 중대 한 개선 "" 을 보장 하 기 위한 그 들 의 계획 에 대해 의문 을 제기 한다 ."	0.0
384	385	그리고 나 서 내무 장관 은 진전 이 없 다면 그 문제 를 해결 하 기 위해 개입 할 수 있 다 .	그리고 나 서 내무 장관 은 진전 이 없 다면 그 문제 를 해결 하 기 위해 개입 할 수 있 다 .	0.0
385	386	영국 북동부 의 하틀풀 , 레드카 , 클리블랜드 , 스톡턴 , 미들즈브러 를 포함 한 일련 의 스캔들 이 그 세력 을 괴롭혔 다 .	영국 북동부 의 하틀풀 , 레드카 , 클리블랜드 , 스톡턴 , 미들즈브러 를 포함 한 일련 의 스캔들 이 그 세력 을 괴롭혔 다 .	0.0
386	387	그것 은 거의 여러 해 동안 6 명 의 최고 경감 을 보 았 다 .	그것 은 거의 여러 해 동안 6 명 의 최고 경감 을 보 았 다 .	0.0
387	388	"숀 프라이스 전 경감 은 2012 년 심각 한 위법 행위 로 해고 되 었 다 . 언론인 "" 전화 가 불법 적 으로 감시 된 후 7 명 의 장교 들 이 조사 를 받 고 있 었 고 , 그 계급 내 에서 오랫동안 인종 차별 에 대한 주장 이 있 었 다 ."	"숀 프라이스 전 경감 은 2012 년 심각 한 위법 행위 로 해고 되 었 다 . 언론인 "" 전화 가 불법 적 으로 감시 된 후 7 명 의 장교 들 이 조사 를 받 고 있 었 고 , 그 계급 내 에서 오랫동안 인종 차별 에 대한 주장 이 있 었 다 ."	0.0
388	389	"최근 경찰 청장 은 경찰관 들 이 노트북 과 신체 에 손상 된 카메라 를 공유 해야 하 는 등 "" 상상 할 수 있 는 한 비효율 적 "" 이라고 묘사 했 다 ."	"최근 경찰 청장 은 경찰관 들 이 노트북 과 신체 에 손상 된 카메라 를 공유 해야 하 는 등 "" 상상 할 수 있 는 한 비효율 적 "" 이라고 묘사 했 다 ."	0.0
389	390	"필 고믈 리 HM 조사 관 은 지난 2 년 동안 "" 중대 한 "" 악화 가 있 었 던 "" 실패 한 힘 "" 이라고 말 했 다 ."	"필 고믈 리 HM 조사 관 은 지난 2 년 동안 "" 중대 한 "" 악화 가 있 었 던 "" 실패 한 힘 "" 이라고 말 했 다 ."	0.0
390	391	"벤 후 첸 티즈 밸리 시장 은 이 보고서 가 "" 이 나라 의 어떤 경찰력 에 도 최악 의 조사 결과 "" 를 묘사 했 는데 , 이 는 "" 완전히 그 군대 가 "" 파탄 "" 되 었 다는 "" 공식 적 인 검증 "" 이 며 내무부 가 지금 개입 할 필요 가 있 다고 말 했 다 ."	"벤 후 첸 티즈 밸리 시장 은 이 보고서 가 "" 이 나라 의 어떤 경찰력 에 도 최악 의 조사 결과 "" 를 묘사 했 는데 , 이 는 "" 완전히 그 군대 가 "" 파탄 "" 되 었 다는 "" 공식 적 인 검증 "" 이 며 내무부 가 지금 개입 할 필요 가 있 다고 말 했 다 ."	0.0
391	392	"그 는 덧붙였 다 : "" 더 이상 논쟁 이 아니 다 ."	"그 는 덧붙였 다 : "" 더 이상 논쟁 이 아니 다 ."	0.0
392	393	이 보고서 에 는 흑백 으로 묘사 된 사실 이 다 .	이 보고서 에 흑백 으로 묘사 된 사실 이 라고 말 했 다 .	0.2857
393	394	""" 그 발견 은 내 가 읽 은 것 중 가장 고통 스럽 고 충격 적 인 것 중 하나 이 다 . """	""" 그 발견 은 내 가 읽 은 것 중 가장 고통 스럽 고 충격 적 인 것 중 하나 이 다 . """	0.0
394	395	클리블랜드 는 최근 HMICFRS 검사관 들 에 의해 검사 를 받 은 15 개 병력 중 하나 이 며 , 모든 분야 에서 유일 하 게 불 충분 한 것 으로 평가 되 었 다 .	클리블랜드 는 최근 HMICFRS 검사관 들 에 의해 검사 를 받 은 15 개 병력 중 하나 이 며 , 모든 분야 에서 유일 하 게 불 충분 한 것 으로 평가 되 었 다 .	0.0
395	396	"고믈 리 는 "" 경찰 은 범죄 예방 을 적절 하 게 우선시 하 지 않 는다 "" 고 덧붙였 다 ."	"고믈 리 는 "" 경찰 은 범죄 예방 을 적절 하 게 우선시 하 지 않 는다 "" 고 덧붙였 다 ."	0.0
396	397	전략 적 방향 이 부족 하 고 , 그 힘 은 예방 작업 에 충분 한 자원 을 할당 하 지 않 는다 . ..	전략 적 방향 이 부족 하 고 , 그 힘 은 예방 작업 에 충분 한 자원 을 할당 하 지 않 는다 . ..	0.0
397	398	어린이 를 포함 한 취약 계층 에 적절 하 게 대응 하 지 못하 고 있 다 .	어린이 를 포함 한 취약 계층 에 적절 하 게 대응 하 지 못하 고 있 다 .	0.0
398	399	"그 들 을 보호 하 고 위험 에 노출 시킬 기회 가 없 다 . """	"그 들 을 보호 하 고 위험 에 노출 시킬 기회 가 없 다 . """	0.0
399	400	"그 는 고위 지도자 들 이 지속 적 으로 "" 윤리 적 인 행동 "" 을 보여 주 지 않 았 으며 "" 클리블랜드 내 의 고위 지도자 들 의 부적절 한 행동 은 너무 심오 해서 힘 의 효율 성 과 효과 에 영향 을 미치 고 있 다 "" 고 말 했 다 ."	"그 는 고위 지도자 들 이 지속 적 으로 "" 윤리 적 인 행동 "" 을 보여 주 지 않 았 으며 "" 클리블랜드 내 의 고위 지도자 들 의 부적절 한 행동 은 너무 심오 해서 힘 의 효율 성 과 효과 에 영향 을 미치 고 있 다 "" 고 말 했 다 ."	0.0
400	401	"그 는 "" 그것 은 공정 성 과 존경심 으로 일관 되게 노동력 을 대하 지 않 으며 노동력 과 효과 적 으로 의사 소통 하 거나 참여 하 지 않 으며 공정 한 것 으로 인식 되 지 않 으며 노동력 을 충분히 지지 할 만큼 노동력 을 잘 이해 하 지 못한다 "" 고 덧붙였 다 ."	"그 는 "" 그것 은 공정 성 과 존경심 으로 일관 되게 노동력 을 대하 지 않 으며 노동력 과 효과 적 으로 의사 소통 하 거나 참여 하 지 않 으며 공정 한 것 으로 인식 되 지 않 으며 노동력 을 충분히 지지 할 만큼 노동력 을 잘 이해 하 지 못한다 "" 고 덧붙였 다 ."	0.0
401	402	이 발견 에 도 불구 하 고 , 그 군대 는 심각 하 고 조직 적 인 범죄 를 다루 는 방식 에 대해 소량 의 찬사 를 받 았 지만 , 범죄 를 조사 하 는 방식 을 개선 해야 한다는 말 을 들 었 다 .	이 발견 에 도 불구 하 고 , 그 군대 는 심각 하 고 조직 적 인 범죄 를 다루 는 방식 에 대해 소량 의 찬사 를 받 았 지만 , 범죄 를 조사 하 는 방식 을 개선 해야 한다는 말 을 들 었 다 .	0.0
402	403	"배리 코 핑거 경찰 과 범죄 담당 집행 위원 은 "" 이 보고서 의 걱정 스러운 내용 에 깊 은 우려 를 표한다 ."	"배리 코 핑거 경찰 과 범죄 담당 집행 위원 은 "" 이 보고서 의 걱정 스러운 내용 에 깊 은 우려 를 갖 고 있 다 "" 고 말 했 다 ."	0.2812
403	404	""" 최근 부대 의 활약 은 단순히 충분 하 지 않 다 . """	""" 최근 부대 의 활약 은 단순히 충분 하 지 않 다 . """	0.0
404	405	"그 는 현재 리처드 루이스 경감 으로부터 실패 를 알 게 되 자마자 "" 스위프트 액션 "" 이 취해졌 다는 확신 을 받 았 다고 말 했 다 ."	"그 는 현재 리처드 루이스 경감 으로부터 실패 를 알 게 되 자마자 "" 스위프트 액션 "" 이 취해졌 다는 확신 을 받 았 다고 말 했 다 ."	0.0
405	406	코핑 거 는 내무부 로부터 56 일 이내 에 보고서 에 응답 하 라는 명령 을 받 았 다 .	코핑 거 는 내무부 로부터 56 일 이내 에 보고서 에 응답 하 라는 명령 을 받 았 다 .	0.0
406	407	"루이스 는 이 보고서 가 "" 모래 속 의 선 "" 으로 작용 할 것 이 라고 말 했 다 . "" 개선 은 이미 이루 어 졌 고 나 는 분명히 필요 한 변화 를 운전 하 는 데 모든 책임 을 진다 ."	"루이스 는 이 보고서 가 "" 모래 속 의 선 "" 으로 작용 할 것 이 라고 말 했 다 . "" 개선 은 이미 이루 어 졌 고 나 는 분명히 필요 한 변화 를 운전 하 는 데 모든 책임 을 진다 ."	0.0
407	408	"내 가 여기 온 5 개월 동안 나 는 모든 수준 에서 뛰어난 경찰관 과 직원 들 을 만났 고 , 최전방 경찰관 들 의 노력 과 결단력 으로 보호 받 는 생명 을 구하 고 취약 한 사람 들 을 보 았 다 . """	"내 가 여기 온 5 개월 동안 나 는 모든 수준 에서 뛰어난 경찰관 과 직원 들 을 만났 고 , 최전방 경찰관 들 의 노력 과 결단력 으로 보호 받 는 생명 을 구하 고 취약 한 사람 들 을 보 았 다 . """	0.0
408	409	만약 급격 한 개선 이 충분히 빨리 이루어지 지 않 는다면 , 정부 는 감옥 이 실패 할 때 할 수 있 는 것 처럼 개입 할 수 있 다 .	만약 급격 한 개선 이 충분히 빨리 이루어지 지 않 는다면 , 정부 는 감옥 이 실패 할 때 할 수 있 는 것 처럼 개입 할 수 있 다 .	0.0
409	410	그러나 지금 까지 정치인 들 은 경찰 과 함께 이 조치 에 의존 할 필요 가 없 었 다고 사찰 단 은 말 했 다 .	그러나 지금 까지 정치인 들 은 경찰 과 함께 이 조치 에 의존 할 필요 가 없 었 다고 사찰 단 은 말 했 다 .	0.0
410	411	"키트 몰트 하우스 범죄 , 치안 , 화재 담당 장관 은 "" 이러 한 실패 를 해결 하 기 위한 경감 의 전환 조치 를 환영 하 며 그 위치 를 면밀히 감시 할 것 "" 이 라며 "" 투명 성 과 책임 은 치안 유지 에 대한 대중 의 신뢰 에 필수 적 이 다 "" 고 말 했 다 ."	"킷 몰트 하우스 범죄 , 치안 , 화재 담당 장관 은 "" 이러 한 실패 를 해결 하 기 위한 경감 의 전환 조치 를 환영 하 며 그 위치 를 면밀히 감시 할 것 "" 이 라며 "" 투명 성 과 책임 은 치안 유지 에 대한 대중 의 신뢰 에 필수 적 "" 이라고 말 했 다 ."	0.0667
411	412	살 해당 한 MP 조 콕스 의 남편 은 내 아내 의 이름 을 점수 매기 기 위해 사용 하 지 말 라고 말 한다 .	살 해당 한 MP 조 콕스 의 남편 은 내 아내 의 이름 을 점수 매기 기 위해 사용 하 지 말 라고 말 한다 .	0.0
412	413	조 콕스 의 남편 은 어젯밤 제레미 코빈 이 보리스 존슨 을 비난 하 기 위해 살해 된 하원 의원 의 영상 을 올린 후 아내 의 이름 을 정치 적 점수 를 따 는 데 사용 해서 는 안 된다고 말 했 다 .	조 콕스 의 남편 은 어젯밤 제레미 코빈 이 보리스 존슨 을 비난 하 기 위해 살해 된 하원 의원 의 영상 을 올린 후 아내 의 이름 을 정치 적 점수 를 따 는 데 사용 해서 는 안 된다고 말 했 다 .	0.0
413	414	"노동당 지도자 의 영화 는 콕스 부인 의 동영상 과 그녀 가 죽 은 후 열린 밤샘 을 특징 으로 했 다 . "" 보리스 존슨 은 우리 거리 에서 의 폭력 에 신경 쓰 지 않 는다 . """	"노동당 지도자 의 영화 는 콕스 부인 의 동영상 과 그녀 가 죽 은 후 열린 밤샘 을 특징 으로 했 다 . "" 보리스 존슨 은 우리 거리 에서 의 폭력 에 신경 쓰 지 않 는다 . """	0.0
414	415	"비평가 들 은 코빈 씨 가 자신 의 살인 을 이용 해 "" 싸구려 정치 적 포인트 "" 를 얻 고 있 다고 말 했 고 그녀 의 남편 브렌단 콕스 는 노동당 대표 가 증오 하 는 언어 를 추론 하 는 것 은 "" 단순 한 정당 정치 문제 "" 라고 말 했 다 . """	"비평가 들 은 코빈 씨 가 자신 의 살인 을 이용 해 "" 싸구려 정치 적 포인트 "" 를 얻 고 있 다고 말 했 고 그녀 의 남편 브렌단 콕스 는 노동당 대표 가 증오 하 는 언어 를 추론 하 는 것 은 "" 단순 한 정당 정치 문제 "" 라고 말 했 다 . """	0.0
415	416	"콕스 씨 는 "" 조 를 기리 는 가장 좋 은 방법 은 증오 와 분열 을 물리치 는 것 이 라는 제레미 의 말 이 옳 다 ."	"콕스 씨 는 "" 조 를 기리 는 가장 좋 은 방법 은 증오 와 분열 을 물리치 는 것 이 라는 제레미 의 말 이 옳 다 ."	0.0
416	417	수상 이 특별 한 책임 을 지 고 있 다는 것 도 그 의 말 이 옳 다 .	"수상 이 특별 한 책임 을 지 고 있 다는 것 도 그 의 말 이 옳 다 . """	0.05
417	418	""" 하지만 이것 이 단순 한 정당 정치 문제 라고 추론 한 것 은 그 가 틀렸 다 ."	""" 하지만 이것 이 단순 한 정당 정치 문제 라고 추론 한 것 은 그 가 틀렸 다 ."	0.0
418	419	"조 전 총리 는 열정 적 으로 노동당 이 었 지만 어떤 것 들 은 정당 정치 를 초월 해야 한다 . """	"조 전 총리 는 열정 적 으로 노동당 이 었 지만 어떤 것 들 은 정당 정치 를 초월 해야 한다 . """	0.0
419	420	"그 는 또한 조 콕스 의 이름 이 "" 정치 적 득점 포인트 이상 "" 이 라는 글 과 "" 이것 "" 이 라는 자막 을 공유 했 다 . 감사 합니다 . """	"그 는 또한 조 콕스 의 이름 이 "" 정치 적 득점 포인트 이상 "" 이 라는 글 과 "" 이것 "" 이 라는 자막 을 공유 했 다 . 감사 합니다 . """	0.0
420	421	코빈 씨 는 3 년 전 웨스트요크셔 선거구 에서 극우 운동가 에 의해 콕스 부인 의 살인 에 대해 이야기 하 면서 공개 되 는 그 의 비디오 에 대한 반발 에 직면 해 있 었 다 .	코빈 씨 는 3 년 전 웨스트요크셔 선거구 에서 극우 운동가 에 의해 콕스 부인 의 살인 에 대해 이야기 하 면서 공개 되 는 그 의 비디오 에 대한 반발 에 직면 해 있 었 다 .	0.0
421	422	"코빈 총리 는 콕스 여사 , 존슨 여사 , 여성 하원 의원 들 의 동영상 에 대해 "" 이 수상 은 이 단어 들 이 폭력 을 조장 할 수 있 고 실질 적 인 결과 를 가져올 수 있 다는 것 을 알 고 있 다 "" 고 말 했 다 ."	"코빈 총리 는 콕스 여사 , 존슨 여사 , 여성 하원 의원 들 의 동영상 에 대해 "" 이 수상 은 이 단어 들 이 폭력 을 조장 할 수 있 고 실질 적 인 결과 를 가져올 수 있 다는 것 을 알 고 있 다 "" 고 말 했 다 ."	0.0
422	423	그 는 분열 을 원한다 .	그 는 분열 을 원한다 .	0.0
423	424	"분명히 그 는 우리 거리 의 폭력 에 대해 신경 쓰 지 않 는다 . """	"분명히 그 는 우리 거리 의 폭력 에 대해 신경 쓰 지 않 는다 . """	0.0
424	425	그 는 계속 해서 존슨 씨 를 비난 하 고 노동당 정부 를 요구 한다 .	그 는 계속 해서 존슨 씨 를 비난 하 고 노동당 정부 를 요구 한다 .	0.0
425	426	"코빈 씨 는 "" 많 은 사람 들 이 극우파 에 의해 반복 되 고 있 는 언어 인 보리스 존슨 이 사용 하 는 언어 에 대해 깊 은 우려 를 하 고 있 다 "" 고 덧붙였 다 ."	"코빈 씨 는 "" 많 은 사람 들 이 극우파 에 의해 반복 되 고 있 는 언어 인 보리스 존슨 이 사용 하 는 언어 에 대해 깊 은 우려 를 하 고 있 다 "" 고 덧붙였 다 ."	0.0
426	427	이것 이 스스로 죽음 의 위협 에 직면 한 여성 하원 의원 들 에 의해 그 와 함께 제기 되 었 을 때 , 그 는 오만 하 게 그 들 을 해고 했 다 .	이것 이 스스로 죽음 의 위협 에 직면 한 여성 하원 의원 들 에 의해 그 와 함께 제기 되 었 을 때 , 그 는 오만 하 게 그 들 을 해고 했 다 .	0.0
427	428	"수치 스러운 일 과 다를 바 없 었 다 . """	"수치 스러운 일 과 다를 바 없 었 다 . """	0.0
428	429	"존 우드콕 전 노동당 하원 의원 은 이 동영상 을 공유 하 며 "" 정말 입 을 다물 수 있 다 . 혐오 스럽 다 . """	"존 우드콕 전 노동당 하원 의원 은 이 동영상 을 공유 하 며 "" 정말 입 을 다물 수 있 다 . 혐오 스럽 다 . """	0.0
429	430	"한편 토리 하원 의원 과 나딤 자 하위 경제 장관 은 "" 조 콕스 를 이런 식 으로 사용 하 는 것 은 너무 잘못 된 것 "" 이 라며 "" 그 의 가족 이 특별히 조 콕스 를 이런 식 으로 사용 하 지 말 라고 요청 했 을 때 "" 라고 말 했 다 ."	"한편 토리 하원 의원 과 나딤 자 하위 경제 장관 은 "" 조 콕스 를 이런 식 으로 사용 하 는 것 은 너무 잘못 된 것 "" 이 라며 "" 그 의 가족 이 특별히 조 콕스 를 이런 식 으로 사용 하 지 말 라고 요청 했 을 때 "" 라고 말 했 다 ."	0.0
430	431	정치 에 관여 하 지 않 기 위해서 입니다 .	정치 에 관여 하 지 않 기 위해서 입니다 . ”	0.0909
431	432	""" 제러미 코빈 에게 품위 가 있 다면 이 비디오 를 내려갈 겁니다 . """	""" 제러미 코빈 에게 품위 가 있 다면 이 비디오 를 내려갈 겁니다 . """	0.0
432	433	존슨 전 대통령 이 콕스 여사 를 기리 는 가장 좋 은 방법 은 브렉 시트 를 성사 시키 는 것 이 라고 말 한 이번 주 의회 에서 의 언어 에 대한 논쟁 에 이 은 것 이 다 .	존슨 전 대통령 이 콕스 여사 를 기리 는 가장 좋 은 방법 은 브렉 시트 를 성사 시키 는 것 이 라고 말 한 이번 주 의회 에서 의 언어 에 대한 논쟁 에 이 은 것 이 다 .	0.0
433	434	"그녀 의 여동생 김 리드비터 는 "" 조 씨 의 아이 들 에게 도움 이 되 지 않 는다 "" 고 말 하 며 극단 적 인 언어 를 줄여줄 것 을 요구 했 다 ."	"그녀 의 여동생 김 리드비터 는 "" 조 씨 의 아이 들 에게 도움 이 되 지 않 는다 "" 고 말 하 며 극단 적 인 언어 를 줄여줄 것 을 요구 했 다 ."	0.0
434	435	"그녀 는 ITV 와 의 인터뷰 에서 "" 보리스 존슨 에 대해 터무니없 는 말 을 하 는 것 은 나 에게 도움 이 되 지 않 는다고 생각 한다 "" 고 말 했 다 ."	"그녀 는 ITV 에 말 했 다 . "" 내 가 나와서 보리스 존슨 에 대해 터무니없 는 말 을 하 는 것 은 - 나 는 그것 이 앞 으로 나아가 는 유용 한 방법 이 아니 라고 생각 한다 ."	0.5
435	436	"옳 다고 생각 하 는 것 과 내 가 잘못 되 었 다고 생각 하 는 것 을 말 할 수 는 있 지만 , 나 는 그것 을 측정 된 방법 으로 하 려고 노력 할 것 이 다 . """	"옳 다고 생각 하 는 것 과 내 가 잘못 되 었 다고 생각 하 는 것 을 말 할 수 는 있 지만 , 나 는 그것 을 측정 된 방법 으로 하 려고 노력 할 것 이 다 . """	0.0
436	437	노동당 이베트 쿠퍼 하원 의원 의 딸 은 어제 사람 들 이 정치인 에 대해 말 하 는 방식 때문 에 어머니 의 삶 에 대해 끊임없이 두려워 한다고 말 했 다 .	노동당 이베트 쿠퍼 하원 의원 의 딸 은 어제 사람 들 이 정치인 에 대해 말 하 는 방식 때문 에 어머니 의 삶 에 대해 끊임없이 두려워 한다고 말 했 다 .	0.0
